"id","authorA","author_nameA","bibliographyA","transcriptA","tokenA","sceneA","authorB","authornameB","bibliographyB","transcriptB","tokenB","sceneB","type","conflicttype","story_scene","nd_color","nd_width","nd_style","nd_opacity","nd_visibility","lbl_lable","lbl_color","lbl_size","relation_description"
"1","0",\N,\N,\N,\N,\N,"0",\N,\N,\N,\N,\N,\N,\N,\N,\N,\N,\N,\N,\N,\N,\N,\N,"Description of Relation"
"2","234",\N,\N,\N,\N,\N,"38",\N,\N,\N,\N,\N,\N,\N,\N,\N,\N,\N,\N,\N,\N,\N,\N,"Best friends"
"3","234",\N,\N,\N,\N,\N,"408",\N,\N,\N,\N,\N,\N,\N,\N,\N,\N,\N,\N,\N,\N,\N,\N,"?"
"4","234",\N,\N,\N,\N,\N,"235",\N,\N,\N,\N,\N,\N,\N,\N,\N,\N,\N,\N,\N,\N,\N,\N,"Bürgermeister"
"5","234",\N,\N,\N,\N,\N,"244",\N,\N,\N,\N,\N,\N,\N,\N,\N,\N,\N,\N,\N,\N,\N,\N,"Oberbefehlshaber der Regierungstruppen"
"6","234",\N,\N,\N,\N,\N,"251",\N,\N,\N,\N,\N,\N,\N,\N,\N,\N,\N,\N,\N,\N,\N,\N,"Regierungsrat"
"7","234",\N,\N,\N,\N,\N,"238",\N,\N,\N,\N,\N,\N,\N,\N,\N,\N,\N,\N,\N,\N,\N,\N,"Grossvater von B."
"8","234",\N,\N,\N,\N,\N,"248",\N,\N,\N,\N,\N,\N,\N,\N,\N,\N,\N,\N,\N,\N,\N,\N,"Vater von B."
"9","234",\N,\N,\N,\N,\N,"249",\N,\N,\N,\N,\N,\N,\N,\N,\N,\N,\N,\N,\N,\N,\N,\N,"Mutter von B."
"10","234",\N,\N,\N,\N,\N,"247",\N,\N,\N,\N,\N,\N,\N,\N,\N,\N,\N,\N,\N,\N,\N,\N,"Schwester von B."
"11","234",\N,\N,\N,\N,\N,"239",\N,\N,\N,\N,\N,\N,\N,\N,\N,\N,\N,\N,\N,\N,\N,\N,"Bruder von B."
"12","234",\N,\N,\N,\N,\N,"407",\N,\N,\N,\N,\N,\N,\N,\N,\N,\N,\N,\N,\N,\N,\N,\N,"Professor von B. (Theologie), Briefpartner, Mentor"
"13","234",\N,\N,\N,\N,\N,"514",\N,\N,\N,\N,\N,\N,\N,\N,\N,\N,\N,\N,\N,\N,\N,\N,"Schulkollege von B. (Collegium humanitas)"
"14","234",\N,\N,\N,\N,\N,"23",\N,\N,\N,\N,\N,\N,\N,\N,\N,\N,\N,\N,\N,\N,\N,\N,"Zeitgenosse in Winterthur"
"15","234",\N,\N,\N,\N,\N,"29",\N,\N,\N,\N,\N,\N,\N,\N,\N,\N,\N,\N,\N,\N,\N,\N,"Kirchenrat in Winterthur"
"16","234",\N,\N,\N,\N,\N,"496",\N,\N,\N,\N,\N,\N,\N,\N,\N,\N,\N,\N,\N,\N,\N,\N,"Professor von B. (Theologie)"
"17","234",\N,\N,\N,\N,\N,"450",\N,\N,\N,\N,\N,\N,\N,\N,\N,\N,\N,\N,\N,\N,\N,\N,"Professor von B. (Geographie)"
"18","234",\N,\N,\N,\N,\N,"23",\N,\N,\N,\N,\N,\N,\N,\N,\N,\N,\N,\N,\N,\N,\N,\N,"Professor von B. (Linguistik)"
"19","234",\N,\N,\N,\N,\N,"664",\N,\N,\N,\N,\N,\N,\N,\N,\N,\N,\N,\N,\N,\N,\N,\N,"Professor von B. (Historik)"
"20","234",\N,\N,\N,\N,\N,"48",\N,\N,\N,\N,\N,\N,\N,\N,\N,\N,\N,\N,\N,\N,\N,\N,"Professor von B. (Sanskrit)"
"21","234",\N,\N,\N,\N,\N,"85",\N,\N,\N,\N,\N,\N,\N,\N,\N,\N,\N,\N,\N,\N,\N,\N,"Professor von B. (Sanskrit)"
"22","234",\N,\N,\N,\N,\N,"240",\N,\N,\N,\N,\N,\N,\N,\N,\N,\N,\N,\N,\N,\N,\N,\N,"Professor (Theologie) wurde B. vorgezogen"
"23","234",\N,\N,\N,\N,\N,"256",\N,\N,\N,\N,\N,\N,\N,\N,\N,\N,\N,\N,\N,\N,\N,\N,"Briefpartner von B."
"24","234",\N,\N,\N,\N,\N,"286",\N,\N,\N,\N,\N,\N,\N,\N,\N,\N,\N,\N,\N,\N,\N,\N,"Stimmt gegen die Wahl von B. an die Uni"
"25","234",\N,\N,\N,\N,\N,"676",\N,\N,\N,\N,\N,\N,\N,\N,\N,\N,\N,\N,\N,\N,\N,\N,"Präsident des Erziehungsrats, Bürgermeister erhält Petition für Lehrgebiet von B., hegt deutliche Ablehnung gegen B."
"26","234",\N,\N,\N,\N,\N,"213",\N,\N,\N,\N,\N,\N,\N,\N,\N,\N,\N,\N,\N,\N,\N,\N,"Nahm an Probevorlesung von B. 1846 gegen Rat der Fakultät und unterstützten B. in seiner Wahl."
"27","234",\N,\N,\N,\N,\N,"39",\N,\N,\N,\N,\N,\N,\N,\N,\N,\N,\N,\N,\N,\N,\N,\N,"Nahm an Probevorlesung von B. 1846 gegen Rat der Fakultät und unterstützten B. in seiner Wahl."
"28","234",\N,\N,\N,\N,\N,"437",\N,\N,\N,\N,\N,\N,\N,\N,\N,\N,\N,\N,\N,\N,\N,\N,"Nahm an Probevorlesung von B. 1846 gegen Rat der Fakultät und unterstützten B. in seiner Wahl."
"29","234",\N,\N,\N,\N,\N,"181",\N,\N,\N,\N,\N,\N,\N,\N,\N,\N,\N,\N,\N,\N,\N,\N,"G. nimmt B.s Gesuch auf ein Vikariat in Schwerzenbach, später Pfarramt Pfäffikon an."
"30","234",\N,\N,\N,\N,\N,"349",\N,\N,\N,\N,\N,\N,\N,\N,\N,\N,\N,\N,\N,\N,\N,\N,"Pfarre in Pfäffikon bis 1837, danach Seelsorger Kt. Strafanstalt Oetenbach"
"31","234",\N,\N,\N,\N,\N,"666",\N,\N,\N,\N,\N,\N,\N,\N,\N,\N,\N,\N,\N,\N,\N,\N,"Pfarrer, Gegenvorschlag des Kirchenrats für Pfarrei Pfäffikon"
"32","234",\N,\N,\N,\N,\N,"428",\N,\N,\N,\N,\N,\N,\N,\N,\N,\N,\N,\N,\N,\N,\N,\N,"Vikar, steht zur Wahl im Dreiervorschlag 1837 mit Hirzel"
"33","234",\N,\N,\N,\N,\N,"589",\N,\N,\N,\N,\N,\N,\N,\N,\N,\N,\N,\N,\N,\N,\N,\N,"Vikar, steht zur Wahl im Dreiervorschlag 1837 mit Hirzel"
"34","234",\N,\N,\N,\N,\N,"593",\N,\N,\N,\N,\N,\N,\N,\N,\N,\N,\N,\N,\N,\N,\N,\N,"Attackiert B. im ""Boten von Uster"" 1944"
"35","234",\N,\N,\N,\N,\N,"568",\N,\N,\N,\N,\N,\N,\N,\N,\N,\N,\N,\N,\N,\N,\N,\N,"Gegner von B."
"36","234",\N,\N,\N,\N,\N,\N,\N,\N,\N,\N,\N,\N,\N,\N,\N,\N,\N,\N,\N,\N,\N,\N,"Freund von B."
"37","234",\N,\N,\N,\N,\N,"95",\N,\N,\N,\N,\N,\N,\N,\N,\N,\N,\N,\N,\N,\N,\N,\N,"Lehrer, Rektor, Stadtrat, Prov. Sekundarschullehrer in Pfäffikon bei Austritt Kramers"
"38","234",\N,\N,\N,\N,\N,"685",\N,\N,\N,\N,\N,\N,\N,\N,\N,\N,\N,\N,\N,\N,\N,\N,"Sekundarschulpfleger, erhielt angeblich Petition zur Entlassung Kramers nicht erhalten"
"39","234",\N,\N,\N,\N,\N,"229",\N,\N,\N,\N,\N,\N,\N,\N,\N,\N,\N,\N,\N,\N,\N,\N,"informiert Zimmermann über Petition zur Entlassung Kramers"
"40","234",\N,\N,\N,\N,\N,"348",\N,\N,\N,\N,\N,\N,\N,\N,\N,\N,\N,\N,\N,\N,\N,\N,"Wird als Grund für die verspätete Petition z. Entlassung Kramers angegeben (Sündenbock)"
"41","234",\N,\N,\N,\N,\N,"266",\N,\N,\N,\N,\N,\N,\N,\N,\N,\N,\N,\N,\N,\N,\N,\N,"hält Ansprache in der Kirche am 2. September (Tag zu Kloten)"
"42","234",\N,\N,\N,\N,\N,"440",\N,\N,\N,\N,\N,\N,\N,\N,\N,\N,\N,\N,\N,\N,\N,\N,"hat Tagespräsidum am 2. September (Tag zu Kloten), sendet Hirzel die Nachricht ""fremder Truppen"" am 5. September 1839"
"43","234",\N,\N,\N,\N,\N,"645",\N,\N,\N,\N,\N,\N,\N,\N,\N,\N,\N,\N,\N,\N,\N,\N,"hat angeblich Rahn-Escher zur Verbreitung des Gerüchtes ""fremder Truppen"" veranlasst."
"44","234",\N,\N,\N,\N,\N,"215",\N,\N,\N,\N,\N,\N,\N,\N,\N,\N,\N,\N,\N,\N,\N,\N,"Abgeordneter der Regierung, vernimmt ""Wünsche des Volkes"" in der Winterthurer Strasse"
"45","234",\N,\N,\N,\N,\N,"580",\N,\N,\N,\N,\N,\N,\N,\N,\N,\N,\N,\N,\N,\N,\N,\N,"Abgeordneter der Regierung, vernimmt ""Wünsche des Volkes"" in der Winterthurer Strasse"
"46","234",\N,\N,\N,\N,\N,"602",\N,\N,\N,\N,\N,\N,\N,\N,\N,\N,\N,\N,\N,\N,\N,\N,"Verteidigt Regierungspartei, schreibt, dass der Regierungspartei ein Schuss ""hochgegangen"" sei."
"47","440",\N,\N,\N,\N,\N,"578",\N,\N,\N,\N,\N,\N,\N,\N,\N,\N,\N,\N,\N,\N,\N,\N,"Rahn-E. warnt die Bezirkskommitees aufgrund einer Mitteilung von Eduard Sulzer über Einmarsch ""fremder Truppen"" gegenüber Domainekassier Steffan."
"48","440",\N,\N,\N,\N,\N,"1098",\N,\N,\N,\N,\N,\N,\N,\N,\N,\N,\N,\N,\N,\N,\N,\N,"Rahn-E. warnt die Bezirkskommitees aufgrund einer Mitteilung von Eduard Sulzer über Einmarsch ""fremder Truppen"" gegenüber Domainekassier Steffan."
"49","38",\N,\N,\N,\N,\N,"477",\N,\N,\N,\N,\N,\N,\N,\N,\N,\N,\N,\N,\N,\N,\N,\N,"verurteilt B.s Handeln in einem Brief an Bluntschli"
"50","234",\N,\N,\N,\N,\N,"477",\N,\N,\N,\N,\N,\N,\N,\N,\N,\N,\N,\N,\N,\N,\N,\N,"verurteilt B.s Handeln in einem Brief an Bluntschli"
"51","234",\N,\N,\N,\N,\N,"577",\N,\N,\N,\N,\N,\N,\N,\N,\N,\N,\N,\N,\N,\N,\N,\N,"befiehlt Feuer am Zürichputsch"
"52","78",\N,\N,\N,\N,\N,"687",\N,\N,\N,\N,\N,\N,\N,\N,\N,\N,\N,\N,\N,\N,\N,\N,"Briefpartner, Gichteler (Neugläubige)"
"53","78",\N,\N,\N,\N,\N,"279",\N,\N,\N,\N,\N,\N,\N,\N,\N,\N,\N,\N,\N,\N,\N,\N,"Briefpartner, Gichteler (Neugläubige)"
"54","78",\N,\N,\N,\N,\N,"161",\N,\N,\N,\N,\N,\N,\N,\N,\N,\N,\N,\N,\N,\N,\N,\N,"Briefpartner, Gichteler (Neugläubige)"
"55","78",\N,\N,\N,\N,\N,"121",\N,\N,\N,\N,\N,\N,\N,\N,\N,\N,\N,\N,\N,\N,\N,\N,"Briefpartner, Gichteler (Neugläubige)"
"56","78",\N,\N,\N,\N,\N,"211",\N,\N,\N,\N,\N,\N,\N,\N,\N,\N,\N,\N,\N,\N,\N,\N,"Briefpartner, Gichteler (Neugläubige)"
"57","78",\N,\N,\N,\N,\N,"298",\N,\N,\N,\N,\N,\N,\N,\N,\N,\N,\N,\N,\N,\N,\N,\N,"Briefpartner, Gichteler (Neugläubige)"
"58","78",\N,\N,\N,\N,\N,"412",\N,\N,\N,\N,\N,\N,\N,\N,\N,\N,\N,\N,\N,\N,\N,\N,"Briefpartner, Gichteler (Neugläubige)"
"59","78",\N,\N,\N,\N,\N,"660",\N,\N,\N,\N,\N,\N,\N,\N,\N,\N,\N,\N,\N,\N,\N,\N,"Briefpartner, Gichteler (Neugläubige)"
"60","78",\N,\N,\N,\N,\N,"605",\N,\N,\N,\N,\N,\N,\N,\N,\N,\N,\N,\N,\N,\N,\N,\N,"Briefpartner, Gichteler (Neugläubige)"
"61","78",\N,\N,\N,\N,\N,"617",\N,\N,\N,\N,\N,\N,\N,\N,\N,\N,\N,\N,\N,\N,\N,\N,"Briefpartner, Gichteler (Neugläubige)"
"62","78",\N,\N,\N,\N,\N,"515",\N,\N,\N,\N,\N,\N,\N,\N,\N,\N,\N,\N,\N,\N,\N,\N,"Briefpartner, Gichteler (Neugläubige)"
"63","78",\N,\N,\N,\N,\N,"370",\N,\N,\N,\N,\N,\N,\N,\N,\N,\N,\N,\N,\N,\N,\N,\N,"Briefpartner, Gichteler (Neugläubige)"
"64","78",\N,\N,\N,\N,\N,"196",\N,\N,\N,\N,\N,\N,\N,\N,\N,\N,\N,\N,\N,\N,\N,\N,"Briefpartner, Gichteler (Neugläubige)"
"65","78",\N,\N,\N,\N,\N,"318",\N,\N,\N,\N,\N,\N,\N,\N,\N,\N,\N,\N,\N,\N,\N,\N,"Briefpartner, Gichteler (Neugläubige)"
"66","78",\N,\N,\N,\N,\N,"461",\N,\N,\N,\N,\N,\N,\N,\N,\N,\N,\N,\N,\N,\N,\N,\N,"Briefpartner, Gichteler (Neugläubige)"
"67","78",\N,\N,\N,\N,\N,"445",\N,\N,\N,\N,\N,\N,\N,\N,\N,\N,\N,\N,\N,\N,\N,\N,"Gichteler (Neugläubiger), publiziert Briefe von Gichtel und Campagne 1842"
"68","78",\N,\N,\N,\N,\N,"122",\N,\N,\N,\N,\N,\N,\N,\N,\N,\N,\N,\N,\N,\N,\N,\N,"Gichteler (Neugläubiger), publiziert Briefe von Gichtel und Campagne 1842"
"69","78",\N,\N,\N,\N,\N,"433",\N,\N,\N,\N,\N,\N,\N,\N,\N,\N,\N,\N,\N,\N,\N,\N,"Gichteler, bekehrt das Zürcher Oberland von 1834 bis 1843"
"70","433",\N,\N,\N,\N,\N,"463",\N,\N,\N,\N,\N,\N,\N,\N,\N,\N,\N,\N,\N,\N,\N,\N,"Gichteler, wurde von Platter besucht"
"71","78",\N,\N,\N,\N,\N,"124",\N,\N,\N,\N,\N,\N,\N,\N,\N,\N,\N,\N,\N,\N,\N,\N,"vC. Hält beinahe freundschftl. Beziehung zu Escher, Pfarrer in Pfäffikon, was zu mehr Milde bei den Separatisten Rüeggs führt."
"72","440",\N,\N,\N,\N,\N,"266",\N,\N,\N,\N,\N,\N,\N,\N,\N,\N,\N,\N,\N,\N,\N,\N,"Rahn-Escher ist Vizepräsident, Hürlimann-Landis Präsident des Glaubenskommittees im Berzirk Zürich (p.222)"
"73","440",\N,\N,\N,\N,\N,"540",\N,\N,\N,\N,\N,\N,\N,\N,\N,\N,\N,\N,\N,\N,\N,\N,"Blieben als einzige des ZK in Zürich am 5.9. (p.230)"
"74","645",\N,\N,\N,\N,\N,"69",\N,\N,\N,\N,\N,\N,\N,\N,\N,\N,\N,\N,\N,\N,\N,\N,"Geheimes treffen einiger Mitglieder des Regierungsrates am 20. (p.8)"
"75","645",\N,\N,\N,\N,\N,"676",\N,\N,\N,\N,\N,\N,\N,\N,\N,\N,\N,\N,\N,\N,\N,\N,"Geheimes treffen einiger Mitglieder des Regierungsrates am 20. (p.8)"
"76","645",\N,\N,\N,\N,\N,"148",\N,\N,\N,\N,\N,\N,\N,\N,\N,\N,\N,\N,\N,\N,\N,\N,"Geheimes treffen einiger Mitglieder des Regierungsrates am 20. (p.8)"
"77","645",\N,\N,\N,\N,\N,"295",\N,\N,\N,\N,\N,\N,\N,\N,\N,\N,\N,\N,\N,\N,\N,\N,"Geheimes treffen einiger Mitglieder des Regierungsrates am 20. (p.8)"
"78","645",\N,\N,\N,\N,\N,"257",\N,\N,\N,\N,\N,\N,\N,\N,\N,\N,\N,\N,\N,\N,\N,\N,"Geheimes treffen einiger Mitglieder des Regierungsrates am 20. (p.8)"
"79","645",\N,\N,\N,\N,\N,"479",\N,\N,\N,\N,\N,\N,\N,\N,\N,\N,\N,\N,\N,\N,\N,\N,"Geheimes treffen einiger Mitglieder des Regierungsrates am 20. (p.8)"
"80","645",\N,\N,\N,\N,\N,"285",\N,\N,\N,\N,\N,\N,\N,\N,\N,\N,\N,\N,\N,\N,\N,\N,"Geheimes treffen einiger Mitglieder des Regierungsrates am 20. (p.8)"
"81","148",\N,\N,\N,\N,\N,"580",\N,\N,\N,\N,\N,\N,\N,\N,\N,\N,\N,\N,\N,\N,\N,\N,"Fierz und Bürgi informieren Sulzer über das geheime Treffen und das Besprochene (p.10)"
"82","69",\N,\N,\N,\N,\N,"580",\N,\N,\N,\N,\N,\N,\N,\N,\N,\N,\N,\N,\N,\N,\N,\N,"Fierz und Bürgi informieren Sulzer über das geheime Treffen und das Besprochene (p.10)"
"83","645",\N,\N,\N,\N,\N,"229",\N,\N,\N,\N,\N,\N,\N,\N,\N,\N,\N,\N,\N,\N,\N,\N,"private meeting with Hess, überreicht ihm Schema zu regierungsräthlichen Publikandum (p.10)"
"84","229",\N,\N,\N,\N,\N,"285",\N,\N,\N,\N,\N,\N,\N,\N,\N,\N,\N,\N,\N,\N,\N,\N,"Keller redigiert Publikandum mit Hess (p. 10)"
"85","229",\N,\N,\N,\N,\N,"215",\N,\N,\N,\N,\N,\N,\N,\N,\N,\N,\N,\N,\N,\N,\N,\N,"nimmt an ausserordentlicher Regierungsratssitzung vom 23.8. teil, von Hess einberufen (p. 10)"
"86","229",\N,\N,\N,\N,\N,"357",\N,\N,\N,\N,\N,\N,\N,\N,\N,\N,\N,\N,\N,\N,\N,\N,"nimmt an ausserordentlicher Regierungsratssitzung vom 23.8. teil, von Hess einberufen (p. 10)"
"87","229",\N,\N,\N,\N,\N,"676",\N,\N,\N,\N,\N,\N,\N,\N,\N,\N,\N,\N,\N,\N,\N,\N,"nimmt an ausserordentlicher Regierungsratssitzung vom 23.8. teil, von Hess einberufen (p. 10)"
"88","229",\N,\N,\N,\N,\N,"645",\N,\N,\N,\N,\N,\N,\N,\N,\N,\N,\N,\N,\N,\N,\N,\N,"nimmt an ausserordentlicher Regierungsratssitzung vom 23.8. teil, von Hess einberufen (p. 10)"
"89","229",\N,\N,\N,\N,\N,"285",\N,\N,\N,\N,\N,\N,\N,\N,\N,\N,\N,\N,\N,\N,\N,\N,"nimmt an ausserordentlicher Regierungsratssitzung vom 23.8. teil, von Hess einberufen (p. 10)"
"90","229",\N,\N,\N,\N,\N,"897",\N,\N,\N,\N,\N,\N,\N,\N,\N,\N,\N,\N,\N,\N,\N,\N,"nimmt an ausserordentlicher Regierungsratssitzung vom 23.8. teil, von Hess einberufen (p. 10)"
"91","229",\N,\N,\N,\N,\N,"69",\N,\N,\N,\N,\N,\N,\N,\N,\N,\N,\N,\N,\N,\N,\N,\N,"nimmt an ausserordentlicher Regierungsratssitzung vom 23.8. teil, von Hess einberufen (p. 10)"
"92","229",\N,\N,\N,\N,\N,"130",\N,\N,\N,\N,\N,\N,\N,\N,\N,\N,\N,\N,\N,\N,\N,\N,"Identität nicht sicher, welcher Escher? nimmt an ausserordentlicher Regierungsratssitzung vom 23.8. teil, von Hess einberufen (p. 10)"
"93","229",\N,\N,\N,\N,\N,"295",\N,\N,\N,\N,\N,\N,\N,\N,\N,\N,\N,\N,\N,\N,\N,\N,"nimmt an ausserordentlicher Regierungsratssitzung vom 23.8. teil, von Hess einberufen (p. 10)"
"94","229",\N,\N,\N,\N,\N,"148",\N,\N,\N,\N,\N,\N,\N,\N,\N,\N,\N,\N,\N,\N,\N,\N,"nimmt an ausserordentlicher Regierungsratssitzung vom 23.8. teil, von Hess einberufen (p. 10)"
"95","229",\N,\N,\N,\N,\N,"479",\N,\N,\N,\N,\N,\N,\N,\N,\N,\N,\N,\N,\N,\N,\N,\N,"nimmt an ausserordentlicher Regierungsratssitzung vom 23.8. teil, von Hess einberufen (p. 10)"
"96","229",\N,\N,\N,\N,\N,"257",\N,\N,\N,\N,\N,\N,\N,\N,\N,\N,\N,\N,\N,\N,\N,\N,"nimmt an ausserordentlicher Regierungsratssitzung vom 23.8. teil, von Hess einberufen (p. 10)"
"97","229",\N,\N,\N,\N,\N,"235",\N,\N,\N,\N,\N,\N,\N,\N,\N,\N,\N,\N,\N,\N,\N,\N,"nimmt an ausserordentlicher Regierungsratssitzung vom 23.8. teil, von Hess einberufen (p. 10)"
"98","229",\N,\N,\N,\N,\N,"580",\N,\N,\N,\N,\N,\N,\N,\N,\N,\N,\N,\N,\N,\N,\N,\N,"nimmt an ausserordentlicher Regierungsratssitzung vom 23.8. teil, von Hess einberufen (p. 10)"
"99","229",\N,\N,\N,\N,\N,"861",\N,\N,\N,\N,\N,\N,\N,\N,\N,\N,\N,\N,\N,\N,\N,\N,"nimmt an ausserordentlicher Regierungsratssitzung vom 23.8. teil, von Hess einberufen (p. 10)"
"100","229",\N,\N,\N,\N,\N,"578",\N,\N,\N,\N,\N,\N,\N,\N,\N,\N,\N,\N,\N,\N,\N,\N,"nimmt an ausserordentlicher Regierungsratssitzung vom 23.8. teil, von Hess einberufen (p. 10)"
"101","229",\N,\N,\N,\N,\N,"262",\N,\N,\N,\N,\N,\N,\N,\N,\N,\N,\N,\N,\N,\N,\N,\N,"nimmt an ausserordentlicher Regierungsratssitzung vom 23.8. teil, von Hess einberufen (p. 10)"
"102","229",\N,\N,\N,\N,\N,"250",\N,\N,\N,\N,\N,\N,\N,\N,\N,\N,\N,\N,\N,\N,\N,\N,"Identität nicht gesichert. Welcher Hirzel C.? nimmt an ausserordentlicher Regierungsratssitzung vom 23.8. teil, von Hess einberufen (p. 10)"
"103","229",\N,\N,\N,\N,\N,"861",\N,\N,\N,\N,\N,\N,\N,\N,\N,\N,\N,\N,\N,\N,\N,\N,"nimmt an ausserordentlicher Regierungsratssitzung vom 23.8. teil, von Hess einberufen (p. 10)"
"104","578",\N,\N,\N,\N,\N,"568",\N,\N,\N,\N,\N,\N,\N,\N,\N,\N,\N,\N,\N,\N,\N,\N,"""billigt"" die Wahl Strauss' nicht, unterstützt sie aber als rechtmässiger Akt der Regierung (p. 22)"
"105","229",\N,\N,\N,\N,\N,"731",\N,\N,\N,\N,\N,\N,\N,\N,\N,\N,\N,\N,\N,\N,\N,\N,"H. verdächtigt Fehr eine Einladung zur Versammlung der Landleute und Zug nach Kloten (p. 34), publiziert zu haben. "
"106","645",\N,\N,\N,\N,\N,"263",\N,\N,\N,\N,\N,\N,\N,\N,\N,\N,\N,\N,\N,\N,\N,\N,"H, E. R. und Hi. Als Wortführer der Opposition erwähnt."
"107","645",\N,\N,\N,\N,\N,"136",\N,\N,\N,\N,\N,\N,\N,\N,\N,\N,\N,\N,\N,\N,\N,\N,"H, E. R. und Hi. Als Wortführer der Opposition erwähnt."
"108","645",\N,\N,\N,\N,\N,"234",\N,\N,\N,\N,\N,\N,\N,\N,\N,\N,\N,\N,\N,\N,\N,\N,"H, E. R. und Hi. Als Wortführer der Opposition erwähnt."
"109","645",\N,\N,\N,\N,\N,"393",\N,\N,\N,\N,\N,\N,\N,\N,\N,\N,\N,\N,\N,\N,\N,\N,"We. Bericht über die Anhörung der Confederierten Gesandten (p. 51)"
"110","645",\N,\N,\N,\N,\N,"1099",\N,\N,\N,\N,\N,\N,\N,\N,\N,\N,\N,\N,\N,\N,\N,\N,"We. Bericht über die Anhörung der Confederierten Gesandten (p. 51)"
"111","645",\N,\N,\N,\N,\N,"291",\N,\N,\N,\N,\N,\N,\N,\N,\N,\N,\N,\N,\N,\N,\N,\N,"We. Bericht über die Anhörung der Confederierten Gesandten (p. 51)"
"112","645",\N,\N,\N,\N,\N,"429",\N,\N,\N,\N,\N,\N,\N,\N,\N,\N,\N,\N,\N,\N,\N,\N,"We. Bericht über die Anhörung der Confederierten Gesandten (p. 51)"
"113","645",\N,\N,\N,\N,\N,"380",\N,\N,\N,\N,\N,\N,\N,\N,\N,\N,\N,\N,\N,\N,\N,\N,"We. Bericht über die Anhörung der Confederierten Gesandten (p. 51)"
"114","645",\N,\N,\N,\N,\N,"668",\N,\N,\N,\N,\N,\N,\N,\N,\N,\N,\N,\N,\N,\N,\N,\N,"We. Bericht über die Anhörung der Confederierten Gesandten (p. 51)"
"115","645",\N,\N,\N,\N,\N,"105",\N,\N,\N,\N,\N,\N,\N,\N,\N,\N,\N,\N,\N,\N,\N,\N,"We. Bericht über die Anhörung der Confederierten Gesandten (p. 51)"
"116","645",\N,\N,\N,\N,\N,"533",\N,\N,\N,\N,\N,\N,\N,\N,\N,\N,\N,\N,\N,\N,\N,\N,"We. Bericht über die Anhörung der Confederierten Gesandten (p. 51)"
"117","645",\N,\N,\N,\N,\N,"19",\N,\N,\N,\N,\N,\N,\N,\N,\N,\N,\N,\N,\N,\N,\N,\N,"We. Bericht über die Anhörung der Confederierten Gesandten (p. 51)"
"118","645",\N,\N,\N,\N,\N,"558",\N,\N,\N,\N,\N,\N,\N,\N,\N,\N,\N,\N,\N,\N,\N,\N,"We. Bericht über die Anhörung der Confederierten Gesandten (p. 51)"
"119","645",\N,\N,\N,\N,\N,"193",\N,\N,\N,\N,\N,\N,\N,\N,\N,\N,\N,\N,\N,\N,\N,\N,"We. Bericht über die Anhörung der Confederierten Gesandten (p. 51)"
"120","645",\N,\N,\N,\N,\N,"10",\N,\N,\N,\N,\N,\N,\N,\N,\N,\N,\N,\N,\N,\N,\N,\N,"We. Bericht über die Anhörung der Confederierten Gesandten (p. 51)"
"121","645",\N,\N,\N,\N,\N,\N,\N,\N,\N,\N,\N,\N,\N,\N,\N,\N,\N,\N,\N,\N,\N,\N,"We. Bericht über die Anhörung der Confederierten Gesandten (p. 51)"
"122","645",\N,\N,\N,\N,\N,"244",\N,\N,\N,\N,\N,\N,\N,\N,\N,\N,\N,\N,\N,\N,\N,\N,"Empfiehlt Oberst H. etwas zu unternehmen, und überträgt ihm die volle Entscheidungsgewalt zum Schutze (der Stadt, Regierung, etc.)  (p. 56)"
"123","645",\N,\N,\N,\N,\N,"207",\N,\N,\N,\N,\N,\N,\N,\N,\N,\N,\N,\N,\N,\N,\N,\N,"W. alarmiert Stadtrat & Präs. Stadtpolizei Gysi (p. 56)"
"124","645",\N,\N,\N,\N,\N,"150",\N,\N,\N,\N,\N,\N,\N,\N,\N,\N,\N,\N,\N,\N,\N,\N,"Finsler erkundigt sich, ob zum Schutze Kellers und Füsslis etwas angeornet sei (p. 60)"
"125","150",\N,\N,\N,\N,\N,"170",\N,\N,\N,\N,\N,\N,\N,\N,\N,\N,\N,\N,\N,\N,\N,\N,"Fi. Bietet Füssli Schutz in seinem Hause an (. 60)"
"126","645",\N,\N,\N,\N,\N,"681",\N,\N,\N,\N,\N,\N,\N,\N,\N,\N,\N,\N,\N,\N,\N,\N,"Zi. Schliesst sich an We.'s Bericht an den Sicherheitsrat an (p.64)"
"127","645",\N,\N,\N,\N,\N,"62",\N,\N,\N,\N,\N,\N,\N,\N,\N,\N,\N,\N,\N,\N,\N,\N,"B. meldet dass Oberst H. die Limmatbrücke nicht besetzen wird. (p.64)"
"128","645",\N,\N,\N,\N,\N,"215",\N,\N,\N,\N,\N,\N,\N,\N,\N,\N,\N,\N,\N,\N,\N,\N,"W. findet H. tod auf dem Schlachtfeld (p. 76)"
"129","645",\N,\N,\N,\N,\N,"419",\N,\N,\N,\N,\N,\N,\N,\N,\N,\N,\N,\N,\N,\N,\N,\N,"P. warn W. als dieser in Oberst H's Haus ist, dass es gefährlich sei dort. (p. 77)"
"130","419",\N,\N,\N,\N,\N,"229",\N,\N,\N,\N,\N,\N,\N,\N,\N,\N,\N,\N,\N,\N,\N,\N,"P. will H. sehen. (p.78)"
"131","645",\N,\N,\N,\N,\N,"8",\N,\N,\N,\N,\N,\N,\N,\N,\N,\N,\N,\N,\N,\N,\N,\N,"Schreiben an Amann (p.82)"
"132","514",\N,\N,\N,\N,\N,"235",\N,\N,\N,\N,\N,\N,\N,\N,\N,\N,\N,\N,\N,\N,\N,\N,"Identität nicht geklärt. Postdirektor Schweizer? Warnt H. er solle flüchten (p. 84)"
"133","235",\N,\N,\N,\N,\N,"400",\N,\N,\N,\N,\N,\N,\N,\N,\N,\N,\N,\N,\N,\N,\N,\N,"H. wird von OZ (wer ist das?), gewarnt obwohl OZ von der Opposition ist (p. 84)"
"134","645",\N,\N,\N,\N,\N,"355",\N,\N,\N,\N,\N,\N,\N,\N,\N,\N,\N,\N,\N,\N,\N,\N,"W. hält Bürgermeister M. (ist es wirklich dieser M.?) für einen Veräter (p.86)"
"135","130",\N,\N,\N,\N,\N,"429",\N,\N,\N,\N,\N,\N,\N,\N,\N,\N,\N,\N,\N,\N,\N,\N,"War sehr von Pf. ""Erinnerungen"" beeindruckt und nahm sie als Vorbild für seine ""Erinnerungen"" (Vorwort)"
"136","130",\N,\N,\N,\N,\N,"606",\N,\N,\N,\N,\N,\N,\N,\N,\N,\N,\N,\N,\N,\N,\N,\N,"teilt seine Ansichten mit U. bezüglich Ermordung K.s"
"137","130",\N,\N,\N,\N,\N,"578",\N,\N,\N,\N,\N,\N,\N,\N,\N,\N,\N,\N,\N,\N,\N,\N,"E. beschuldigt S. das Volk zur gewalt aufgewiegelt zu haben. (Vorwort)"
"138","130",\N,\N,\N,\N,\N,"339",\N,\N,\N,\N,\N,\N,\N,\N,\N,\N,\N,\N,\N,\N,\N,\N,"M. is the Godfather of E. but it is not clear which M. (p.13)"
"139","130",\N,\N,\N,\N,\N,"406",\N,\N,\N,\N,\N,\N,\N,\N,\N,\N,\N,\N,\N,\N,\N,\N,"O. was married to Regula sister of E.s father, last Landvogt of Wädenswil in 1789 (p13)"
"140","130",\N,\N,\N,\N,\N,"411",\N,\N,\N,\N,\N,\N,\N,\N,\N,\N,\N,\N,\N,\N,\N,\N,"O. was married to Elisabetha sister of E.s father (p13)"
"141","130",\N,\N,\N,\N,\N,"128",\N,\N,\N,\N,\N,\N,\N,\N,\N,\N,\N,\N,\N,\N,\N,\N,"aunt of E., studied with Lavater, was married to D. von Orell (p13)"
"142","130",\N,\N,\N,\N,\N,"123",\N,\N,\N,\N,\N,\N,\N,\N,\N,\N,\N,\N,\N,\N,\N,\N,"was married with OtH, sister of E.s father (p. 13)"
"143","407",\N,\N,\N,\N,\N,"406",\N,\N,\N,\N,\N,\N,\N,\N,\N,\N,\N,\N,\N,\N,\N,\N,"son of David von Orell (p. 14)"
"144","130",\N,\N,\N,\N,\N,"408",\N,\N,\N,\N,\N,\N,\N,\N,\N,\N,\N,\N,\N,\N,\N,\N,"son of David von Orell (p. 14), gr. Ehrenbürger wg. Verdienste im Befreiungskrieg"
"145","407",\N,\N,\N,\N,\N,"408",\N,\N,\N,\N,\N,\N,\N,\N,\N,\N,\N,\N,\N,\N,\N,\N,"brothers"
"146","130",\N,\N,\N,\N,\N,"667",\N,\N,\N,\N,\N,\N,\N,\N,\N,\N,\N,\N,\N,\N,\N,\N,"Lehrer von H. Escher (p. 35)"
"147","130",\N,\N,\N,\N,\N,"56",\N,\N,\N,\N,\N,\N,\N,\N,\N,\N,\N,\N,\N,\N,\N,\N,"Lehrer von H. Escher (p. 37)"
"148","130",\N,\N,\N,\N,\N,"256",\N,\N,\N,\N,\N,\N,\N,\N,\N,\N,\N,\N,\N,\N,\N,\N,"Lehrer von H. Escher (p. 37)"
"149","130",\N,\N,\N,\N,\N,"1037",\N,\N,\N,\N,\N,\N,\N,\N,\N,\N,\N,\N,\N,\N,\N,\N,"Lehrer von H. Escher (p. 37)"
"150","130",\N,\N,\N,\N,\N,"606",\N,\N,\N,\N,\N,\N,\N,\N,\N,\N,\N,\N,\N,\N,\N,\N,"Lehrer von H. Escher (p. 38)"
"151","130",\N,\N,\N,\N,\N,"606",\N,\N,\N,\N,\N,\N,\N,\N,\N,\N,\N,\N,\N,\N,\N,\N,"Freund von H. Eschers Vater (p.43)"
"152","130",\N,\N,\N,\N,\N,"170",\N,\N,\N,\N,\N,\N,\N,\N,\N,\N,\N,\N,\N,\N,\N,\N,"hatte Unterricht bei Maler Füssli, nicht klar welcher Füssli (p.43)"
"153","130",\N,\N,\N,\N,\N,"1095",\N,\N,\N,\N,\N,\N,\N,\N,\N,\N,\N,\N,\N,\N,\N,\N,"Theologielehrer von H.Escher (p43)"
"154","130",\N,\N,\N,\N,\N,"1055",\N,\N,\N,\N,\N,\N,\N,\N,\N,\N,\N,\N,\N,\N,\N,\N,"Led batallion of the counter-revolution during Helvetic (p. 52-3)"
"155","130",\N,\N,\N,\N,\N,"353",\N,\N,\N,\N,\N,\N,\N,\N,\N,\N,\N,\N,\N,\N,\N,\N,"was involved in counterrevolution during Helvetic (p. 52-3)"
"156","130",\N,\N,\N,\N,\N,"925",\N,\N,\N,\N,\N,\N,\N,\N,\N,\N,\N,\N,\N,\N,\N,\N,"Staatsschreiber (p. 54)"
"157","130",\N,\N,\N,\N,\N,"606",\N,\N,\N,\N,\N,\N,\N,\N,\N,\N,\N,\N,\N,\N,\N,\N,"war ein für E. negativer Kontrast zu Lavater (p. 54)"
"158","130",\N,\N,\N,\N,\N,"171",\N,\N,\N,\N,\N,\N,\N,\N,\N,\N,\N,\N,\N,\N,\N,\N,"berichtet von Gefangenschaft d. Oberst F. der erschossen werden sollte (Bockenkrieg) (p. 56)"
"159","130",\N,\N,\N,\N,\N,"191",\N,\N,\N,\N,\N,\N,\N,\N,\N,\N,\N,\N,\N,\N,\N,\N,"wurde als erprobter Krieger im Kriegkrieg von E. erwähnt (p. 58)"
"160","130",\N,\N,\N,\N,\N,"230",\N,\N,\N,\N,\N,\N,\N,\N,\N,\N,\N,\N,\N,\N,\N,\N,"Antistes H. habe die Regierung wegen mangelnder Religion und Sittlichkeit angegriffen. (p. 66)"
"161","130",\N,\N,\N,\N,\N,"49",\N,\N,\N,\N,\N,\N,\N,\N,\N,\N,\N,\N,\N,\N,\N,\N,"macht ein Praktikum (Löffelschleifen) beim pensionierten Pfarrer Borel im Welschland (p. 67)"
"162","130",\N,\N,\N,\N,\N,"55",\N,\N,\N,\N,\N,\N,\N,\N,\N,\N,\N,\N,\N,\N,\N,\N,"E. bewundert B.s ""Eidgenössische Verfassung"", die er aus dessen Buch zu lesen glaubt (p. 70-71)"
"163","130",\N,\N,\N,\N,\N,"421",\N,\N,\N,\N,\N,\N,\N,\N,\N,\N,\N,\N,\N,\N,\N,\N,"Kollege am Carolinum und später in Heidelberg (p. 72)"
"164","130",\N,\N,\N,\N,\N,"420",\N,\N,\N,\N,\N,\N,\N,\N,\N,\N,\N,\N,\N,\N,\N,\N,"Kollege am Carolinum, der ihn sehr beeindruckte und philosophische Ansichten teilte (p. 72)"
"165","130",\N,\N,\N,\N,\N,"308",\N,\N,\N,\N,\N,\N,\N,\N,\N,\N,\N,\N,\N,\N,\N,\N,"Identität nicht gesichert, welcher Landolt von Zürich der der Sohn von E.s. Taufpaten ist? E. trifft L. in der Fam. Borel in Neuenburg und wird von diesem auf Spaziergängen begleitet, (p. 83)"
"166","130",\N,\N,\N,\N,\N,"418",\N,\N,\N,\N,\N,\N,\N,\N,\N,\N,\N,\N,\N,\N,\N,\N,"lernt Pestalozzi an Borels ""Institut"" kennen (p 85)"
"167","130",\N,\N,\N,\N,\N,"328",\N,\N,\N,\N,\N,\N,\N,\N,\N,\N,\N,\N,\N,\N,\N,\N,"gibt E. eine Empfehlung, damit er nach Paris gehen kann (p. 88), schien es aber nicht so ernst zu meinen (p.89)"
"168","130",\N,\N,\N,\N,\N,"171",\N,\N,\N,\N,\N,\N,\N,\N,\N,\N,\N,\N,\N,\N,\N,\N,"gibt E. eine Empfehlung, damit er nach Paris gehen kann (p. 88)"
"169","130",\N,\N,\N,\N,\N,"201",\N,\N,\N,\N,\N,\N,\N,\N,\N,\N,\N,\N,\N,\N,\N,\N,"schien E. gut gewillt zu sein, ermöglichte E. die Benutzung der Kaiserlichen Bibliothek in Paris (p. 89)"
"170","130",\N,\N,\N,\N,\N,"665",\N,\N,\N,\N,\N,\N,\N,\N,\N,\N,\N,\N,\N,\N,\N,\N,"schien E. gut gewillt zu sein, ermöglichte E. die Benutzung der Kaiserlichen Bibliothek in Paris (p. 89)"
"171","130",\N,\N,\N,\N,\N,"438",\N,\N,\N,\N,\N,\N,\N,\N,\N,\N,\N,\N,\N,\N,\N,\N,"macht viel Aufhebens, verschaffte ihm aber auch keine Position in Paris (p. 89)"
"172","130",\N,\N,\N,\N,\N,"129",\N,\N,\N,\N,\N,\N,\N,\N,\N,\N,\N,\N,\N,\N,\N,\N,"Vater von Alfred Escher, gab JH.E. ein Empfehlungsschreiben (p. 89)"
"173","129",\N,\N,\N,\N,\N,"130",\N,\N,\N,\N,\N,\N,\N,\N,\N,\N,\N,\N,\N,\N,\N,\N,"H.E. Vater von A.E. (p. 89)"
"174","130",\N,\N,\N,\N,\N,"377",\N,\N,\N,\N,\N,\N,\N,\N,\N,\N,\N,\N,\N,\N,\N,\N,"wurde von M. Schweizergeschichte geprägt (p. 92)"
"175","130",\N,\N,\N,\N,\N,"416",\N,\N,\N,\N,\N,\N,\N,\N,\N,\N,\N,\N,\N,\N,\N,\N,"erzählt P. von seinen komplizierten Karriereplänen (p. 95)"
"176","130",\N,\N,\N,\N,\N,"444",\N,\N,\N,\N,\N,\N,\N,\N,\N,\N,\N,\N,\N,\N,\N,\N,"Identität nicht gesichert, welcher Reinhard. Begleitet E. auf der Reise von Paris (p. 99)"
"177","130",\N,\N,\N,\N,\N,\N,\N,\N,\N,\N,\N,\N,\N,\N,\N,\N,\N,\N,\N,\N,\N,\N,"TSGS redet E. die Idee des ""zweiten Spaniens"" aus und rät auf ""besser Zeiten"" zu warten (p. 106)"
"178","130",\N,\N,\N,\N,\N,"342",\N,\N,\N,\N,\N,\N,\N,\N,\N,\N,\N,\N,\N,\N,\N,\N,"M. zeigt E. eine Tabelle der universellen Sprache (p. 109)"
"179","38",\N,\N,\N,\N,\N,"287",\N,\N,\N,\N,\N,\N,\N,\N,\N,\N,\N,\N,\N,\N,\N,\N,"seine Verlobte (107)"
"180","38",\N,\N,\N,\N,\N,"1073",\N,\N,\N,\N,\N,\N,\N,\N,\N,\N,\N,\N,\N,\N,\N,\N,"seine kurzfristige Geliebte (105)"
"181","38",\N,\N,\N,\N,\N,"606",\N,\N,\N,\N,\N,\N,\N,\N,\N,\N,\N,\N,\N,\N,\N,\N,"Staatsrat am zürcher Gericht (110)"
"182","38",\N,\N,\N,\N,\N,"440",\N,\N,\N,\N,\N,\N,\N,\N,\N,\N,\N,\N,\N,\N,\N,\N,"Rathsherr am zürcher Gericht in Uster (110)"
"183","38",\N,\N,\N,\N,\N,"354",\N,\N,\N,\N,\N,\N,\N,\N,\N,\N,\N,\N,\N,\N,\N,\N,"Identität unsicher, Staatsschreiber Ferdinand Meyer, von B. als edler Patriot beschrieben (111)"
"184","38",\N,\N,\N,\N,\N,"282",\N,\N,\N,\N,\N,\N,\N,\N,\N,\N,\N,\N,\N,\N,\N,\N,"Beschreibt K. als eher skrupellos (112)"
"185","38",\N,\N,\N,\N,\N,"235",\N,\N,\N,\N,\N,\N,\N,\N,\N,\N,\N,\N,\N,\N,\N,\N,"Hat eher ein distanziertes Verhältnis zu H (112)"
"186","38",\N,\N,\N,\N,\N,"397",\N,\N,\N,\N,\N,\N,\N,\N,\N,\N,\N,\N,\N,\N,\N,\N,"Identität unsicher, N. unterstützt im Beobachter B.s Reformvorschläge"
"187","38",\N,\N,\N,\N,\N,"538",\N,\N,\N,\N,\N,\N,\N,\N,\N,\N,\N,\N,\N,\N,\N,\N,"bezeichnet S. als Doktrinär"
"188","38",\N,\N,\N,\N,\N,"1100",\N,\N,\N,\N,\N,\N,\N,\N,\N,\N,\N,\N,\N,\N,\N,\N,"besucht Quartierhauptmann Wunderli (115)"
