"id","story","story_act","character","role","storyline_no","parenthetic","storyline_title","storyline","notes","storyweaving_scene_no","storyweaving_scene","storyweaving_sequence","storyweaving_theme","characterevent_scene","character_event","startdate","enddate","scene","sequence"
"1","1","1","5",\N,"1",\N,"1789 France suffered a deep financial cr","Scene:  1#   1789 France suffered a deep financial crisis. King Louis XVI of France called the Estates-General. They discuss possible solutions. It came to disputes on the voting system. The National Assembly was formed. Soon later the French Revolution took place. The conventions opend on May 5th 1789 with great festivities.",\N,\N,\N,\N,\N,\N,\N,"0000-00-00",\N,\N,\N
"2","1","1","3",\N,"2",\N,"The same day, Heinrich Weiss was born in","Scene:  2#   The same day, Heinrich Weiss was born in Fehraltorf, Canton Zürich, Switzerland, into a decent teacher's family.",\N,\N,\N,\N,\N,\N,\N,"0000-00-00",\N,\N,\N
"3","1","1","5",\N,"3",\N,"1795 one year earlier the Treaty of Base","Scene:  3#   1795 one year earlier the Treaty of Basel signed peace between France and Prussia. 1796France had occupied the Prussian Rhine land and the Revolt in the Vendée had just ended. The Battle of Lodi had significantly contributed to the myth of Napoleon who would set up the Cisalpine Republic in the same year seizing the Valtellina from Graubünden (the ""Grey Leagues"") and causing tensions in the Italian speaking Switzerland after an unsuccessful trial to invade Lugano in today's Canton Ticino.",\N,\N,\N,\N,\N,\N,\N,"0000-00-00",\N,\N,\N
"4","1","1","1",\N,"4",\N,"1790 Katharina Kaufmann was born in Horw","Scene:  4#   1790 Katharina Kaufmann was born in Horw, on May 23.",\N,\N,\N,\N,\N,\N,\N,"0000-00-00",\N,\N,\N
"5","1","1","5",\N,"5",\N,"1797 Meta (actually Anna Margaretha Barb","Scene:  5#   1797 Meta (actually Anna Margaretha Barbara) Schweizer was born in Hirzel, in the Canton Zürich on the border with the Canton Zug.",\N,\N,\N,\N,\N,\N,\N,"0000-00-00",\N,\N,\N
"6","1","1","5",\N,"6",\N,"1798, March 5th, the French finally inva","Scene:  6#   1798, March 5th, the French finally invaded Switzerland helped by Swiss nationals (de La Harpe) who hoped to end with the feudal system of the Old Swiss Confederation, then converted into the Helvetic Republic subject to France. The French had taken the independence of the Swiss Cantons away and formed a centralized state, whose ""progressive"" ideas included such controversial measurements like the limitation of the freedom of worship.",\N,\N,\N,\N,\N,\N,\N,"0000-00-00",\N,\N,\N
"7","1","1","5",\N,"7",\N,"The forest cantons led by Alois von Redi","Scene:  7#   The forest cantons led by Alois von Reding made an intent of resistence. Therefore, the French occupied Zürich in order to defeat the rising upheavals in Switzerland. The enforced treaty with France obliged the Swiss to break their neutrality, which converted them into a battle zone between France, Austria and the armies of Imperial Russia.",\N,\N,\N,\N,\N,\N,\N,"0000-00-00",\N,\N,\N
"8","1","1","1",\N,"8",\N,"1800 Katharina Kaufmann's mother died an","Scene:  8#   1800 Katharina Kaufmann's mother died and she went to live with her aunt in Kriens.",\N,\N,\N,\N,\N,\N,\N,"0000-00-00",\N,\N,\N
"9","1","1","2",\N,"9",\N,"The next year in Lodrino, Canton Ticino,","Scene:  9#   The next year in Lodrino, Canton Ticino, on October 10th, 1801, Constantin Siegwart was born into a glassworker's family, originally immigrated from Germany.",\N,\N,\N,\N,\N,\N,\N,"0000-00-00",\N,\N,\N
"10","1","1","5",\N,"10",\N,"The locals allied mostly with Austria or","Scene:  10#   The locals allied mostly with Austria or Russia against France. A series of violent encounters started and culminated in the Stecklikrieg (""wooden club war"") during which Zürich was bombarded 1802, as Meta Schweizer remembered.",\N,\N,\N,\N,\N,\N,\N,"0000-00-00",\N,\N,\N
"11","1","1","5",\N,"11",\N,"On 19 February 1803 the Act of Mediation","Scene:  11#   On 19 February 1803 the Act of Mediation was signed by Napoleon, ending the Helvetic Republic and restoring the cantons and the Swiss Confederation. Formally, this was the begin of the Mediation period in Swiss history.",\N,\N,\N,\N,\N,\N,\N,"0000-00-00",\N,\N,\N
"12","1","1","3",\N,"12",\N,"While Heinrich Weiss, Katharina Kaufmann","Scene:  12#   While Heinrich Weiss, Katharina Kaufmann and Meta Schweizer grew up, learned in school and in their offices, Heinrich Weiss would become a teacher, Katharina Kaufmann served in several restaurants and Meta Schweizer was educated as a house wife, learned under house teachers and took great interest in international affairs of her days.",\N,\N,\N,\N,\N,\N,\N,"0000-00-00",\N,\N,\N
"13","1","1","5",\N,"13",\N,"1804, from Mach 24 to April 3, the Bocke","Scene:  13#   1804, from Mach 24 to April 3, the Bocke inn war took place on the mount Bocken near Horgen, a town close to Hirzel were Meta Schweizer lived. The rural population rioted against the Confederate troops, led by Zürich in order to abolish the tithes.",\N,\N,\N,\N,\N,\N,\N,"0000-00-00",\N,\N,\N
"14","1","1","5",\N,"14",\N,"This event marked Meta Schweizer, becaus","Scene:  14#   This event marked Meta Schweizer, because it taught her how neighbours could become enemies.",\N,\N,\N,\N,\N,\N,\N,"0000-00-00",\N,\N,\N
"15","1","1","5",\N,"15",\N,"September 2, 1806 a landslide burried th","Scene:  15#   September 2, 1806 a landslide burried the towns Goldau and Röthen completly, as well as part of Buosingen and Lauerz. 457 persons died. It was so far the second larges natural catastroph in Switzerland after the Basel earthquake 1356.",\N,\N,\N,\N,\N,\N,\N,"0000-00-00",\N,\N,\N
"16","1","1","1",\N,"16",\N,"This event entered into the memories of ","Scene:  16#   This event entered into the memories of Katharina Morel, who lived close, and Meta Schweizer, who visited the region often during her life.",\N,\N,\N,\N,\N,\N,\N,"0000-00-00",\N,\N,\N
"17","1","1","5",\N,"17",\N,"1806 the annuary of Zurich-Schwyz friend","Scene:  17#   1806 the annuary of Zurich-Schwyz friendship was celebrated, as Meta Schweizer recorded.",\N,\N,\N,\N,\N,\N,\N,"0000-00-00",\N,\N,\N
"18","1","1","3",\N,"18",\N,"The same year, Katharina Kaufmann marrie","Scene:  18#   The same year, Katharina Kaufmann married Heinrich Peyer converting her into Katharina Peyer, Heinrich Weiss went to the high school in Aarau and Prussia declared war to France. Napoleon imposed the Continental system.",\N,\N,\N,\N,\N,\N,\N,"0000-00-00",\N,\N,\N
"19","1","1","4",\N,"19",\N,"The following year, Bernhard Hirzel was ","Scene:  19#   The following year, Bernhard Hirzel was born 12 August 1807 into well established, aristocratic family of Zürich.",\N,\N,\N,\N,\N,\N,\N,"0000-00-00",\N,\N,\N
"20","1","1","5",\N,"20",\N,"The same year Napoleon signed peace with","Scene:  20#   The same year Napoleon signed peace with Prussia and Russia in Tilsit.",\N,\N,\N,\N,\N,\N,\N,"0000-00-00",\N,\N,\N
"21","1","1","2",\N,"21",\N,"1808 Constantin Siegwart lost both of hi","Scene:  21#   1808 Constantin Siegwart lost both of his parents and became the foster son of Joseph Maria Regli, a Catholic priest who would educate him as his own son, providing him with the best education, religious teaching an foremost fatherly love.",\N,\N,\N,\N,\N,\N,\N,"0000-00-00",\N,\N,\N
"22","1","1","5",\N,"22",\N,"During these years Meta Schweizer made m","Scene:  22#   During these years Meta Schweizer made many travels to the forest cantons, especially to the Schwyz and the Rigi.",\N,\N,\N,\N,\N,\N,\N,"0000-00-00",\N,\N,\N
"23","1","1","1",\N,"23",\N,"In November 1809, Heinrich Peyer listed ","Scene:  23#   In November 1809, Heinrich Peyer listed voluntarily the mercenary service for France in Marseille, and a few month later Katharina followed her husband, end of July 1810.",\N,\N,\N,\N,\N,\N,\N,"0000-00-00",\N,\N,\N
"24","1","1","5",\N,"24",\N,"In September of the same year Jakob Heus","Scene:  24#   In September of the same year Jakob Heusser, who should later become the husband of Meta Schweizer, moved to Hirzel as the general practitionar of the town.",\N,\N,\N,\N,\N,\N,\N,"0000-00-00",\N,\N,\N
"25","1","1","1",\N,"25",\N,"End of 1811, Maria Elise Tobler, the fut","Scene:  25#   End of 1811, Maria Elise Tobler, the future wife of Bernhard Hirzel was born. On the Hirzel mountain, Caspar (?) Gessner (1780-1812), a distant but dear relative of Meta Schweizer, would visite her for the last time, while Katharina and Heinrich Peyer see the French Majesties from very close during a parade in Paris.",\N,\N,\N,\N,\N,\N,\N,"0000-00-00",\N,\N,\N
"26","1","1","1",\N,"26",\N,"On the 13 January 1812, Katharina Peyer ","Scene:  26#   On the 13 January 1812, Katharina Peyer and her husband received the order to march to Lüttich without clear destiny.",\N,\N,\N,\N,\N,\N,\N,"0000-00-00",\N,\N,\N
"27","1","1","1",\N,"27",\N,"In April they arrive at Stettin where th","Scene:  27#   In April they arrive at Stettin where the four Swiss regiments join. Still waiting for Napoleon they run out of food. Katharina Peyer wrote a significant letter to her sister Anna-Marie, telling her that now she had learnt what war meant.",\N,\N,\N,\N,\N,\N,\N,"0000-00-00",\N,\N,\N
"28","1","1","5",\N,"28",\N,"At the same time Meta Schweizer burried ","Scene:  28#   At the same time Meta Schweizer burried her relative and friend Caspar Gessner. Travells to the Aegeri mountain and the Rigi followed, where she heard of spiritual visions some of her acquantaince had experienced.",\N,\N,\N,\N,\N,\N,\N,"0000-00-00",\N,\N,\N
"29","1","1","5",\N,"29",\N,"In June, Meta Schweizer knew Jakob Heuss","Scene:  29#   In June, Meta Schweizer knew Jakob Heusser better during extended walks.",\N,\N,\N,\N,\N,\N,\N,"0000-00-00",\N,\N,\N
"30","1","1","1",\N,"30",\N,"In the meanwhile, finally, Napoleon had ","Scene:  30#   In the meanwhile, finally, Napoleon had joined the Swiss regiments and they arrive at the Niemen. He informed them about their mission, to invade Russia.",\N,\N,\N,\N,\N,\N,\N,"0000-00-00",\N,\N,\N
"31","1","1","1",\N,"31",\N,"On the 18 October 1812 Katharina Peyer p","Scene:  31#   On the 18 October 1812 Katharina Peyer presented the battle of Polotz at close distance and helped to care for the wounded. In Switzerland, the news about the war provided only insignificant details about the culture of the country and the surprisingly warm weather.",\N,\N,\N,\N,\N,\N,\N,"0000-00-00",\N,\N,\N
"32","1","1","1",\N,"32",\N,"One month later on the 28th of November ","Scene:  32#   One month later on the 28th of November the Swiss mercenaries prepared for the battle on the street between Barisow and Zumbin. Franz Josef Blattman motivated Thomas Legler to sing the ""Beresinalied"", which would end mythology about Swiss heroism, and is shot soon after. The day after the Peyers leave Königsberg to return to Polotz.",\N,\N,\N,\N,\N,\N,\N,"0000-00-00",\N,\N,\N
"33","1","1","5",\N,"33",\N,"Finally, the Swiss at home hear about th","Scene:  33#   Finally, the Swiss at home hear about the negative balance of Napoleon's Russian campaign and the end of the Empire.",\N,\N,\N,\N,\N,\N,\N,"0000-00-00",\N,\N,\N
"34","1","1","1",\N,"34",\N,"Threatened by the Russian troops the Pey","Scene:  34#   Threatened by the Russian troops the Peyers fled and arrived on Januar 31, 1813 in Berlin. Marburg, Düsseldorf and Hanover were occupied by the Allies.",\N,\N,\N,\N,\N,\N,\N,"0000-00-00",\N,\N,\N
"35","1","1","1",\N,"35",\N,"The Peyers decide to flee to Switzerland","Scene:  35#   The Peyers decide to flee to Switzerland given the unstable situation in Germany. In Magdeburg they loose their last goods. In March, the Peyers arrive at Lautenburg close to Switzerland while the Russian had advanced until Berlin.",\N,\N,\N,\N,\N,\N,\N,"0000-00-00",\N,\N,\N
"36","1","1","5",\N,"36",\N,"The 6 of April 1813 the French and the P","Scene:  36#   The 6 of April 1813 the French and the Prussians meet at the Elbe. Three days later was the confirmation day of Meta Schweizer in Hirzel. In the following month she would travell to St. Gallen where she started her friendship with Schlatters.",\N,\N,\N,\N,\N,\N,\N,"0000-00-00",\N,\N,\N
"37","1","1","1",\N,"37",\N,"In May of the same year, the Peyers left","Scene:  37#   In May of the same year, the Peyers left Lauterburg and arrived at Basel. Back home in Luzern, Katharina Peyer visited her friends.",\N,\N,\N,\N,\N,\N,\N,"0000-00-00",\N,\N,\N
"38","1","1","5",\N,"38",\N,"In July an alliance between England and ","Scene:  38#   In July an alliance between England and Sweden was made, and the Peace Congress in Prag came closer. All the four armies of the four monarchies were advancing on German grounds and terrible war armament took place at all sides.",\N,\N,\N,\N,\N,\N,\N,"0000-00-00",\N,\N,\N
"39","1","1","5",\N,"39",\N,"August 26, Meta Schweizer returned from ","Scene:  39#   August 26, Meta Schweizer returned from one of her trips to the Rigi.",\N,\N,\N,\N,\N,\N,\N,"0000-00-00",\N,\N,\N
"40","1","1","1",\N,"40",\N,"In September, Katharina Peyer reported t","Scene:  40#   In September, Katharina Peyer reported there was war from the Adratic Sea to the Baltic Sea and Moscow in flames.",\N,\N,\N,\N,\N,\N,\N,"0000-00-00",\N,\N,\N
"41","1","1","2",\N,"41",\N,"15 November 1813 extraordinary Diet of t","Scene:  41#   15 November 1813 extraordinary Diet of the Swiss Confederation in Zürich was held and armed neutrality was declared unilaterally, soon after the Ticino was cleaned up of Italian troops and the French withdraw from the German Rhine region.",\N,\N,\N,\N,\N,\N,\N,"0000-00-00",\N,\N,\N
"42","1","1","5",\N,"42",\N,"Meta Schweizer remembered the 18th of Oc","Scene:  42#   Meta Schweizer remembered the 18th of October as the day of the salvation battle in Leibzig.",\N,\N,\N,\N,\N,\N,\N,"0000-00-00",\N,\N,\N
"43","1","1","1",\N,"43",\N,"Heinrich Peyer had tried to retake his j","Scene:  43#   Heinrich Peyer had tried to retake his job as saddler again in Willisau, but due to the bad payment policies, he was not very succesful. Therefore, he decided to enter military service again and left after a short job in Graubünden to Maastrich in French service, on the 7th of December 1813 together with his wife Katharina.",\N,\N,\N,\N,\N,\N,\N,"0000-00-00",\N,\N,\N
"44","1","1","1",\N,"44",\N,"On the 17th Colon was occupied an the al","Scene:  44#   On the 17th Colon was occupied an the allies advanced to Holland. The Peyers arrived nine days later. Katharina Peyer would run a kind of Pension for high military officers in Maastrich.",\N,\N,\N,\N,\N,\N,\N,"0000-00-00",\N,\N,\N
"45","1","1","4",\N,"45",\N,"The same year, Bernhard Hirzel's grandfa","Scene:  45#   The same year, Bernhard Hirzel's grandfather died.",\N,\N,\N,\N,\N,\N,\N,"0000-00-00",\N,\N,\N
"46","1","1","5",\N,"46",\N,"In 1814 most of the Swiss cantons were r","Scene:  46#   In 1814 most of the Swiss cantons were ruled by the former aristocratic powers. This threatened the territorial integrity of the new cantons formed under the Act of Mediation. The Russian Zar Alexander I. visited Zürich and influenced by de La Harpe, spoke in favor of the new cantons.",\N,\N,\N,\N,\N,\N,\N,"0000-00-00",\N,\N,\N
"47","1","1","5",\N,"47",\N,"The year 1815 was memorized by Meta Schw","Scene:  47#   The year 1815 was memorized by Meta Schweizer as the ""victory by Waterloo"". This marked the end of the Mediation and the beginning of the Restauration period from which she hoped more religious liberty. For Meta Schweizer it was also the beginning of a lifelong aristocratic friendship with the Family Ab Yberg from the canton Schwyz.",\N,\N,\N,\N,\N,\N,\N,"0000-00-00",\N,\N,\N
"48","1","1","2",\N,"48",\N,"Constantin Siegwart rememberd the year f","Scene:  48#   Constantin Siegwart rememberd the year for the Federal Treaty.",\N,\N,\N,\N,\N,\N,\N,"0000-00-00",\N,\N,\N
"49","1","1","1",\N,"49",\N,"In the meantime, Katharina Peyer, hired ","Scene:  49#   In the meantime, Katharina Peyer, hired a ship for the Swiss troops, in order to solve their logistic problems in their transfer to Gorum, but foremost, in her own interest, getting free freight for her household.",\N,\N,\N,\N,\N,\N,\N,"0000-00-00",\N,\N,\N
"50","1","1","3",\N,"50",\N,"In 1817, in middst of the Swiss Restaura","Scene:  50#   In 1817, in middst of the Swiss Restauration and two years after the Congress of Vienna, while Heinrich Weiss was a committed teacher, Katharina Peyer had shown succesfully arriving at Gorum, Meta Schweizer networked her oecomenic friendship networks, Constantin Siegwart studied with his home teacher and Bernhard Hirzel at the primary school, a new dream of liberty was born. In Berlin on May 10 was Emma Siegmund born and in Stuttgart on the 31st her future husband Georg Herwegh.",\N,\N,\N,\N,\N,\N,\N,"0000-00-00",\N,\N,\N
"51","1","1","5",\N,"51",\N,"7 March 1818 was marked as an important ","Scene:  51#   7 March 1818 was marked as an important day in Meta Schweizer-Heusser memoires. Her husband Jakob Heusser, so far distant from religious matters, had committed to the Christian faith. Soon after in June they engaged.",\N,\N,\N,\N,\N,\N,\N,"0000-00-00",\N,\N,\N
"52","1","1","2",\N,"52",\N,"1818 Constantin Siegwart assisted the sc","Scene:  52#   1818 Constantin Siegwart assisted the schools in Altorf, Luzern and Solothurn, where he started friendship with radical-liberals as Ludwig Keller, Eduard Kathry, Joseph Kölscher. They studied with Professor Weissenbach and founded the Rütliverein. He also entered the Freundschaftsbund with Melchior Tschümperlin.",\N,\N,\N,\N,\N,\N,\N,"0000-00-00",\N,\N,\N
"53","1","1","2",\N,"53",\N,"1819 Constantin Siegwart studied philoso","Scene:  53#   1819 Constantin Siegwart studied philosophy, political sciences and jurisprudence in Würzburg and Heidelberg.",\N,\N,\N,\N,\N,\N,\N,"0000-00-00",\N,\N,\N
"54","1","1","4",\N,"54",\N,"Bernhard Hirzel started his studies at t","Scene:  54#   Bernhard Hirzel started his studies at the grammar school at the Schola Carolina at the Grossmünster in Zürich",\N,\N,\N,\N,\N,\N,\N,"0000-00-00",\N,\N,\N
"55","1","1","5",\N,"55",\N,"Meta Schweizer made several voyages amon","Scene:  55#   Meta Schweizer made several voyages among others to the Rigi and her life was marked by the birth and death of relatives and other beloved people.",\N,\N,\N,\N,\N,\N,\N,"0000-00-00",\N,\N,\N
"56","1","1","3",\N,"56",\N,"1820 Heinrich Weiss became teacher in Fe","Scene:  56#   1820 Heinrich Weiss became teacher in Fehraltorf. At the same time, Constantin Siegwart returned to his former Catholic faith.",\N,\N,\N,\N,\N,\N,\N,"0000-00-00",\N,\N,\N
"57","1","1","1",\N,"57",\N,"The following year in January 1821, Hein","Scene:  57#   The following year in January 1821, Heinrich Peyer dismissed from military service and the Peyers return in a 21-days-travel to Switzerland in horse carrier through Aachen, Lüttich, Köln, Koblenz, Speyer, Salzbach, Freiburg, Basel, Zofingen, to Willisau.",\N,\N,\N,\N,\N,\N,\N,"0000-00-00",\N,\N,\N
"58","1","1","5",\N,"58",\N,"Three month later, on the 9th of April 1","Scene:  58#   Three month later, on the 9th of April 1821, Meta Schweizer finally, after a three-years fiancee could marrie to Jakob Heusser. She continous to travel to the Rigi.",\N,\N,\N,\N,\N,\N,\N,"0000-00-00",\N,\N,\N
"59","1","1","1",\N,"59",\N,"On 15 February 1822 Katharina and Heinri","Scene:  59#   On 15 February 1822 Katharina and Heinrich Peyer move to Sursee and run the Inn ""Zum Rössli"".",\N,\N,\N,\N,\N,\N,\N,"0000-00-00",\N,\N,\N
"60","1","1","5",\N,"60",\N,"On 13 August 1822 Theodor Diethelm Heuss","Scene:  60#   On 13 August 1822 Theodor Diethelm Heusser, Meta Heusser-Schweizer's first son was born.",\N,\N,\N,\N,\N,\N,\N,"0000-00-00",\N,\N,\N
"61","1","1","5",\N,"61",\N,"1823 Meta Heusser-Schweizer visited Luze","Scene:  61#   1823 Meta Heusser-Schweizer visited Luzern.",\N,\N,\N,\N,\N,\N,\N,"0000-00-00",\N,\N,\N
"62","1","1","1",\N,"62",\N,"In the same year, Heinrich Peyer's siste","Scene:  62#   In the same year, Heinrich Peyer's sister died and left her young daughter to the care of Katharina Peyer.",\N,\N,\N,\N,\N,\N,\N,"0000-00-00",\N,\N,\N
"63","1","1","4",\N,"63",\N,"In December, Hirzel graduated from the 3","Scene:  63#   In December, Hirzel graduated from the 3rd class of the grammar school and enters the Collegium humanitatis at the Fraumünster (upper school)",\N,\N,\N,\N,\N,\N,\N,"0000-00-00",\N,\N,\N
"64","1","1","5",\N,"64",\N,"28 January 1825, Meta Schweizer-Heusser'","Scene:  64#   28 January 1825, Meta Schweizer-Heusser's first daugher Anna Elisabetha Dorothea was born.",\N,\N,\N,\N,\N,\N,\N,"0000-00-00",\N,\N,\N
"65","1","1","1",\N,"65",\N,"Katharina and Heinrich leave the ""Rössli","Scene:  65#   Katharina and Heinrich leave the ""Rössli"" and start the ""Bad Rothen"" in Littau during two years.",\N,\N,\N,\N,\N,\N,\N,"0000-00-00",\N,\N,\N
"66","1","1","4",\N,"66",\N,"14 December 1825 Bernhard Hirzel graduat","Scene:  66#   14 December 1825 Bernhard Hirzel graduated from upper school and enters the Collegium Carolinum at the Grossmünster, focus on Classis philologica (ancient languages, history), Classis philosphica.",\N,\N,\N,\N,\N,\N,\N,"0000-00-00",\N,\N,\N
"67","1","1","5",\N,"67",\N,"In the year to follow, Meta Heusser-Schw","Scene:  67#   In the year to follow, Meta Heusser-Schweizer would often stay in Baden.",\N,\N,\N,\N,\N,\N,\N,"0000-00-00",\N,\N,\N
"68","1","1","5",\N,"68",\N,"March 28th of the following year Jakob C","Scene:  68#   March 28th of the following year Jakob Christian Heusser, Meta Heusser-Schweizer’s second son. She would soon fear for his life, but he would recover happily.",\N,\N,\N,\N,\N,\N,\N,"0000-00-00",\N,\N,\N
"69","1","1","4",\N,"69",\N,"Bernhard Hirzel engaged with Maria Elisa","Scene:  69#   Bernhard Hirzel engaged with Maria Elisa (Elise) Tobler and soon after graduated from Classis philologica and philosophica and starts Classis theologica (theological studies).",\N,\N,\N,\N,\N,\N,\N,"0000-00-00",\N,\N,\N
"70","1","1","2",\N,"70",\N,"1826 Constantin Siegwart wrote his ""Tell","Scene:  70#   1826 Constantin Siegwart wrote his ""Tell der Urner"" and achieved citizenship in Uri.",\N,\N,\N,\N,\N,\N,\N,"0000-00-00",\N,\N,\N
"71","1","1","3",\N,"71",\N,"Heinrich Weiss became member of the trib","Scene:  71#   Heinrich Weiss became member of the tribunal of the district Kyburg and married Anna Barbara Tobler who would die soon after.",\N,\N,\N,\N,\N,\N,\N,"0000-00-00",\N,\N,\N
"72","1","1","5",\N,"72",\N,"12 June 1827 Meta Heusser-Schweizer's ga","Scene:  72#   12 June 1827 Meta Heusser-Schweizer's gave birth to her second daugher Johanna Louise.",\N,\N,\N,\N,\N,\N,\N,"0000-00-00",\N,\N,\N
"73","1","1","2",\N,"73",\N,"In the same year Constantin Siegwart bec","Scene:  73#   In the same year Constantin Siegwart became public prosecutor (Landesfürsprech) in Uri.",\N,\N,\N,\N,\N,\N,\N,"0000-00-00",\N,\N,\N
"74","1","1","3",\N,"74",\N,"Also Heinrich Weiss married for the seco","Scene:  74#   Also Heinrich Weiss married for the second time to Margaretha Zwicky.",\N,\N,\N,\N,\N,\N,\N,"0000-00-00",\N,\N,\N
"75","1","1","1",\N,"75",\N,"Katharina Peyer leased the Inn ""Engel"" i","Scene:  75#   Katharina Peyer leased the Inn ""Engel"" in Luzern.",\N,\N,\N,\N,\N,\N,\N,"0000-00-00",\N,\N,\N
"76","1","1","5",\N,"76",\N,"1828 Meta Heusser-Schweizer met with Ger","Scene:  76#   1828 Meta Heusser-Schweizer met with Gerold Meyer, later an important biographer and historiographer and Wichelhausens.",\N,\N,\N,\N,\N,\N,\N,"0000-00-00",\N,\N,\N
"77","1","1","4",\N,"77",\N,"The same year, Bernhard Hirzel graduated","Scene:  77#   The same year, Bernhard Hirzel graduated from theology after a very short time of study and with excellent records.",\N,\N,\N,\N,\N,\N,\N,"0000-00-00",\N,\N,\N
"78","1","1","2",\N,"78",\N,"Constantin Siegwart married Josefine Mül","Scene:  78#   Constantin Siegwart married Josefine Müller, daughter of Karl Martin Müller and sister of Vinzenz and Franz and would call himself from then on Constantin Siegwart-Müller.",\N,\N,\N,\N,\N,\N,\N,"0000-00-00",\N,\N,\N
"79","1","1","5",\N,"79",\N,"26 May 1829 Meta Heusser-Schweizer gave ","Scene:  79#   26 May 1829 Meta Heusser-Schweizer gave life to her third son Heinrich Willhelm. He would die only 16 days later.",\N,\N,\N,\N,\N,\N,\N,"0000-00-00",\N,\N,\N
"80","1","1","3",\N,"80",\N,"1830 was the beginning of a new, liberal","Scene:  80#   1830 was the beginning of a new, liberal era iniciated with the July Revolution in Paris. Already in 1819 the Association Zofingia (Zofingerverein) was founded by the liberals in Zürich, the patriotic Sempacher Association (Sempacherverein), in 1821, the Schweizerische Schützenverein, a Swiss schooting association, in 1824 as well as several Gymnastic and choral societies in which liberal thinking men were organized. Another important role played the press in this change.",\N,\N,\N,\N,\N,\N,\N,"0000-00-00",\N,\N,\N
"81","1","1","2",\N,"81",\N,"1830-1833 The cantonal Constitutions wer","Scene:  81#   1830-1833 The cantonal Constitutions were changed with a Liberal orientation, beginning in new Cantons Vaud and Ticino, who were former subject to Bern and Zürich during the Ancien Régim.",\N,\N,\N,\N,\N,\N,\N,"0000-00-00",\N,\N,\N
"82","1","1","2",\N,"82",\N,"Simultaneously, the press and the immigr","Scene:  82#   Simultaneously, the press and the immigration control (Fremdenpolizei) were restricted in several cantons. Also in the forest cantons liberal movements achieved a constitutional change.",\N,\N,\N,\N,\N,\N,\N,"0000-00-00",\N,\N,\N
"83","1","1","3",\N,"83",\N,"During this turbulent times, Heinrich We","Scene:  83#   During this turbulent times, Heinrich Weiss became member of the Grand Council on the 9 December 1830.",\N,\N,\N,\N,\N,\N,\N,"0000-00-00",\N,\N,\N
"84","1","1","3",\N,"84",\N,"One of his most important contributions ","Scene:  84#   One of his most important contributions would be the abolition of tithes claims. His presenting of the Day of Uster (Ustertag) and bringing forward Snells proposal of a liberal Constitution in the following year 1831.",\N,\N,\N,\N,\N,\N,\N,"0000-00-00",\N,\N,\N
"85","1","1","4",\N,"85",\N,"On January 1st of 1831 Bernhard Hirzel p","Scene:  85#   On January 1st of 1831 Bernhard Hirzel passed his final exam at the Carolinum. In February he recieved an award for his translation of Book of 4 Maccabees and in March he passed an church exam in dogmatic, exegesis and pastoral science by the Church Council which would enable him to be a pastor of the Reformed Church of Zürich. In the same month he preached a sermon as part of the selection process as future pastor and was finally ordinated as VDM (Verbi divini minister); the statues of an official minister of the Protestant Church on March 18th.",\N,\N,\N,\N,\N,\N,\N,"0000-00-00",\N,\N,\N
"86","1","1","3",\N,"86",\N,"Two days later Heinrich Weiss became Mem","Scene:  86#   Two days later Heinrich Weiss became Member of the State Council (Regierungsrates) as a radical-liberal. Usteri and Wyss became first and second Office Mayors and Ludwig Keller magistrate.",\N,\N,\N,\N,\N,\N,\N,"0000-00-00",\N,\N,\N
"87","1","1","4",\N,"87",\N,"On April the 25th the summer semester st","Scene:  87#   On April the 25th the summer semester started in Berlin and Hirzel went there to study, among other things, theology with Schleiermacher (1768-1834) and Sanskrit with Franz Bopp (1791-1867). In September he moved to Paris to study with the Sanskritist Antoine Léonard de Chézy (1773-1832). At the end of the same year the Educational councillor Johann Caspar Orelli sugested Hirzel in a letter the possibility for a position as lecture in Hebrew and Biblical Greek was at the Theological Institut in Zürich.",\N,\N,\N,\N,\N,\N,\N,"0000-00-00",\N,\N,\N
"88","1","1","3",\N,"88",\N,"Pfäffikon had become district capital in","Scene:  88#   Pfäffikon had become district capital instead of Kyburg and in the forest Cantons debates on constitutional reforms went on.",\N,\N,\N,\N,\N,\N,\N,"0000-00-00",\N,\N,\N
"89","1","1","2",\N,"89",\N,"In Luzern, the conservative and later fr","Scene:  89#   In Luzern, the conservative and later friend of Constantin Siegwart, Joseph Leu had become Grand Councillor.",\N,\N,\N,\N,\N,\N,\N,"0000-00-00",\N,\N,\N
"90","1","1","7",\N,"90",\N,"28 May 1832 he national democratic Hamba","Scene:  90#   28 May 1832 he national democratic Hambach Festival advanced the beginning of a new liberal era, the so called Vormärz, in Germany. Emma Siegmund observed the news as a young lady from her parents villa in Berlin.",\N,\N,\N,\N,\N,\N,\N,"0000-00-00",\N,\N,\N
"91","1","1","4",\N,"91",\N,"31 August 1832 Antoine Léonard de Chézy,","Scene:  91#   31 August 1832 Antoine Léonard de Chézy, Berhand Hirzel’s Sanskrit professor died. Hirzel was deeply affected as he confessed his friend Bluntschli.",\N,\N,\N,\N,\N,\N,\N,"0000-00-00",\N,\N,\N
"92","1","1","4",\N,"92",\N,"In the following month he published a pr","Scene:  92#   In the following month he published a preprint of his translation of the 3rd Act of the Sakuntala in the ""Morgenblatt für gebildete Stände"".",\N,\N,\N,\N,\N,\N,\N,"0000-00-00",\N,\N,\N
"93","1","1","4",\N,"93",\N,"October 1832 were agitated days for Bern","Scene:  93#   October 1832 were agitated days for Bernhard Hirzel.",\N,\N,\N,\N,\N,\N,\N,"0000-00-00",\N,\N,\N
"94","1","1","4",\N,"94",\N,"On the 20th the Educational council publ","Scene:  94#   On the 20th the Educational council publishes the vacancies for the new University that should be established in Zürich. After Basel, founded in 1460, the second in Switzerland. It should become a new tool for the liberal development in Zürich. But no chair of Orientalistic was offered, which highly deceived Bernhard Hirzel, who understood, influenced by Hegelian ideas, that Sanskrit was a key to a liberal religious education.",\N,\N,\N,\N,\N,\N,\N,"0000-00-00",\N,\N,\N
"95","1","1","4",\N,"95",\N,"On the 28th a new educational law was es","Scene:  95#   On the 28th a new educational law was established.",\N,\N,\N,\N,\N,\N,\N,"0000-00-00",\N,\N,\N
"96","1","1","4",\N,"96",\N,"On November 16th, in a letter, Hottinger","Scene:  96#   On November 16th, in a letter, Hottinger expressed his regret for the lack of a chair in Orientalistic at the university to Hirzel. He added even a reference for Hirzel in the attachement.",\N,\N,\N,\N,\N,\N,\N,"0000-00-00",\N,\N,\N
"97","1","1","4",\N,"97",\N,"In a letter to Bluntschli, Bernhard Hirz","Scene:  97#   In a letter to Bluntschli, Bernhard Hirzel revealed on the 4th of December that he took the possibility of a chair never very serious.",\N,\N,\N,\N,\N,\N,\N,"0000-00-00",\N,\N,\N
"98","1","1","3",\N,"98",\N,"In the same year, Heinrich Weiss became ","Scene:  98#   In the same year, Heinrich Weiss became president of the Police Council, something like a Superintendent and would be remember by the cantonal police as the as the ""leader"" of the county up to current days.",\N,\N,\N,\N,\N,\N,\N,"0000-00-00",\N,\N,\N
"99","1","1","2",\N,"99",\N,"Constantin Siegwart-Müller sent a short ","Scene:  99#   Constantin Siegwart-Müller sent a short publication demonstrating his radical-liberal ideals to Casimir Pfyffer in order to apply for citizenship in Luzern. Which he would achieve soon after in Oberkich, Luzern.",\N,\N,\N,\N,\N,\N,\N,"0000-00-00",\N,\N,\N
"100","1","1","3",\N,"100",\N,"30 January 1833 the bulwark of the city ","Scene:  100#   30 January 1833 the bulwark of the city of Zürich was downsized.",\N,\N,\N,\N,\N,\N,\N,"0000-00-00",\N,\N,\N
"101","1","1","4",\N,"101",\N,"In February Bernhard Hirzel presented hi","Scene:  101#   In February Bernhard Hirzel presented his dissertation on ""ars metrica des Calidasa"", presented at the University Göttingen for which he would receive his doctoral degree from the University of Göttingen.",\N,\N,\N,\N,\N,\N,\N,"0000-00-00",\N,\N,\N
"102","1","1","4",\N,"102",\N,"In March, The Educational council appoin","Scene:  102#   In March, The Educational council appointed Hirzel as outside lecturer (Privatdozent) for the University Zürich and on April 29, 1833 the University started finally its activity.",\N,\N,\N,\N,\N,\N,\N,"0000-00-00",\N,\N,\N
"103","1","1","1",\N,"103",\N,"Two month later, in June, a great fire b","Scene:  103#   Two month later, in June, a great fire burned the centre of Luzern down. Katharina Peyer was one of the first in perceiving it and alerting the firemen. She actively helped in saving people and goods during this great brand. The salvation of the city was celebrate in a church mass on 23 June 1833.",\N,\N,\N,\N,\N,\N,\N,"0000-00-00",\N,\N,\N
"104","1","1","5",\N,"104",\N,"In that year, Meta Heusser-Schweizer vis","Scene:  104#   In that year, Meta Heusser-Schweizer visited frequently friends in Wollishofen. In Wollishofen a second election for pastor hold place on the 17th of November.",\N,\N,\N,\N,\N,\N,\N,"0000-00-00",\N,\N,\N
"105","1","1","4",\N,"105",\N,"29 November 1833 applied Bernhard Hirzel","Scene:  105#   29 November 1833 applied Bernhard Hirzel for membership of the Synod of Zurich, with delay after his voyage to Göttingen.",\N,\N,\N,\N,\N,\N,\N,"0000-00-00",\N,\N,\N
"106","1","1","4",\N,"106",\N,"In 1833 he also married to Maria Elise T","Scene:  106#   In 1833 he also married to Maria Elise Tobler.",\N,\N,\N,\N,\N,\N,\N,"0000-00-00",\N,\N,\N
"107","1","1","2",\N,"107",\N,"Constantin Siegwart-Müller, in the same ","Scene:  107#   Constantin Siegwart-Müller, in the same year, moved to Luzern, where recently a liberal constitutional proposal was rejected, and started to work as attorney, editor and publisher of the ""Volkszeitung"" and took active interest in the political and economic development of his canton.",\N,\N,\N,\N,\N,\N,\N,"0000-00-00",\N,\N,\N
"108","1","1","3",\N,"108",\N,"Heinrich Weiss became founded the Saving","Scene:  108#   Heinrich Weiss became founded the Savings Bank (Sparkasse) of the District Pfäffikon.",\N,\N,\N,\N,\N,\N,\N,"0000-00-00",\N,\N,\N
"109","1","1","5",\N,"109",\N,"The Gotthard pass became passable, throu","Scene:  109#   The Gotthard pass became passable, through the efforts of the Cantonal government (1830-1840) and steamship cruised on the Lake Lucerne for the first time.",\N,\N,\N,\N,\N,\N,\N,"0000-00-00",\N,\N,\N
"110","1","1","2",\N,"110",\N,"Constantin Siegward-Müller received the ","Scene:  110#   Constantin Siegward-Müller received the citizenship of Einsiedeln {check date}.",\N,\N,\N,\N,\N,\N,\N,"0000-00-00",\N,\N,\N
"111","1","1","5",\N,"111",\N,"15 March 1834 was the date of death of S","Scene:  111#   15 March 1834 was the date of death of Schleiermacher’s, Bernhard Hirzel’s teacher in theology, diligently annotated by Meta Heusser-Schweizer in her diary. She passed the summer month July in Schwyz with her friend Josef Anton Alois II. Franz ab Yberg (1783-1864), short Alois, and in by the Ab Ybergs in Seewen. Later on in October she would assist the reunions of her Anabaptist friends and the teachings of Zaremba, one of the missionaris of the Basler Mission who received allowance by Zar Alexander I. to preach in Russia.",\N,\N,\N,\N,\N,\N,\N,"0000-00-00",\N,\N,\N
"112","1","1","4",\N,"112",\N,"7 October 1834 Elisabeth Tobler gave bir","Scene:  112#   7 October 1834 Elisabeth Tobler gave birth to Paul Arnold Hirzel; her first and unique son with Bernhard Hirzel.",\N,\N,\N,\N,\N,\N,\N,"0000-00-00",\N,\N,\N
"113","1","1","3",\N,"113",\N,"1834 was an active year for Heinrich Wei","Scene:  113#   1834 was an active year for Heinrich Weiss. He became an Official salt merchant (Salzfaktor) and District Judge. In this latter function he tried to improvement of the legal system in the interest of the people.",\N,\N,\N,\N,\N,\N,\N,"0000-00-00",\N,\N,\N
"114","1","1","3",\N,"114",\N,"He was appointed Coronel of the Swiss Co","Scene:  114#   He was appointed Coronel of the Swiss Confederate troops. Further, he affiliated as a member of the radical-liberal Free-thinking Party and he actively worked also for the takeover of the road traffic system by the Cantonal government.",\N,\N,\N,\N,\N,\N,\N,"0000-00-00",\N,\N,\N
"115","1","1","1",\N,"115",\N,"In 1835 the hotel Schwanden was built in","Scene:  115#   In 1835 the hotel Schwanden was built in Luzern, next to the Schweizerhof, and until 1855 the only hotel with view on the lake besides the former.",\N,\N,\N,\N,\N,\N,\N,"0000-00-00",\N,\N,\N
"116","1","1","3",\N,"116",\N,"Heinrich Weiss was elected Grand Council","Scene:  116#   Heinrich Weiss was elected Grand Councillor and founded the secondary school of in Fehraltorf.",\N,\N,\N,\N,\N,\N,\N,"0000-00-00",\N,\N,\N
"117","1","1","2",\N,"117",\N,"1835 Siewart-Müller became Second State ","Scene:  117#   1835 Siewart-Müller became Second State Secretatry (Staatsschreiber) and was appointed State Secretary.",\N,\N,\N,\N,\N,\N,\N,"0000-00-00",\N,\N,\N
"118","1","1","5",\N,"118",\N,"On 2 January 1836 Meta Heusser-Schweizer","Scene:  118#   On 2 January 1836 Meta Heusser-Schweizer’s mother died peacefully.",\N,\N,\N,\N,\N,\N,\N,"0000-00-00",\N,\N,\N
"119","1","1","5",\N,"119",\N,"10 June of the same year, the Catholic C","Scene:  119#   10 June of the same year, the Catholic Collegium of Grand Councillors (Großrathscollegium) summons an administration for the monastery in Pfäffers, St. Gallen in which Constantin Siegwart-Müller was involved. Also Meta Heusser-Schweizer was concerned since she stood often during her life in the monastery and its sanatory.",\N,\N,\N,\N,\N,\N,\N,"0000-00-00",\N,\N,\N
"120","1","1","3",\N,"120",\N,"Three days later, on the 13th, Heinrich ","Scene:  120#   Three days later, on the 13th, Heinrich Weiss became member and Quaestor of the Swiss welfare organisation, the Schweizerische Gemeinnützige Gesellschaft.",\N,\N,\N,\N,\N,\N,\N,"0000-00-00",\N,\N,\N
"121","1","1","5",\N,"121",\N,"17 October 1836 Meta Heusser-Schweizer g","Scene:  121#   17 October 1836 Meta Heusser-Schweizer gave life to her fourth daughter Meta Louise (1836-1904)",\N,\N,\N,\N,\N,\N,\N,"0000-00-00",\N,\N,\N
"122","1","1","5",\N,"122",\N,"In the meantime, the liberal party in Zü","Scene:  122#   In the meantime, the liberal party in Zürich planned to reform the church by appointing a revolutionary theologian David Friedrich Strauss to the university of Zürich. Bernhard Hirzel voted in his favor.",\N,\N,\N,\N,\N,\N,\N,"0000-00-00",\N,\N,\N
"123","1","1","1",\N,"123",\N,"1836 in Luzern, the planned dock works w","Scene:  123#   1836 in Luzern, the planned dock works would not be realized.",\N,\N,\N,\N,\N,\N,\N,"0000-00-00",\N,\N,\N
"124","1","1","1",\N,"124",\N,"13 February 1837 was a dark day in the l","Scene:  124#   13 February 1837 was a dark day in the life of Katharina Peyer. It was Carnival in Luzern, but her husband Heinrich Peyer lied already a while ill in bed and died that day from lung haemorrhage, in presence of the helpless Katharina.",\N,\N,\N,\N,\N,\N,\N,"0000-00-00",\N,\N,\N
"125","1","1","5",\N,"125",\N,"A month earlier in the Canton Zürich, Ja","Scene:  125#   A month earlier in the Canton Zürich, January 18, Pastor Hans Jakob Vogel, pastor of Schwerzenbach, died.",\N,\N,\N,\N,\N,\N,\N,"0000-00-00",\N,\N,\N
"126","1","1","4",\N,"126",\N,"18 March, Bernhard Hirzel applied for th","Scene:  126#   18 March, Bernhard Hirzel applied for the vicariate, after the death of H.J. Vogel until the ordination of H. Schweizer. According his own words in his ""Rückschau"" he considered this a favor [""Gefälligkeit""] and was accepted as vicar in on 4 April 1837.",\N,\N,\N,\N,\N,\N,\N,"0000-00-00",\N,\N,\N
"127","1","1","3",\N,"127",\N,"Heinrich Weiss was still occupied with t","Scene:  127#   Heinrich Weiss was still occupied with the cantonal transport system and made a complaint on the tracing of the road from Fehraltorf to Rueti through the Ried, on 3 June 1837. Later, on 27 July, he made further petitions concerning this road.",\N,\N,\N,\N,\N,\N,\N,"0000-00-00",\N,\N,\N
"128","1","1","5",\N,"128",\N,"July 29, Bernhard Hirzel left Schwerzenb","Scene:  128#   July 29, Bernhard Hirzel left Schwerzenbach where soon after, on the 6th of August Heinrich Schweizer would become pastor as Meta Heusser-Schweizer remarked.",\N,\N,\N,\N,\N,\N,\N,"0000-00-00",\N,\N,\N
"129","1","1","5",\N,"129",\N,"In July, Meta Heusser-Schweizer travelle","Scene:  129#   In July, Meta Heusser-Schweizer travelled to the monastery Pfäffers where she would be soon joined by her children.",\N,\N,\N,\N,\N,\N,\N,"0000-00-00",\N,\N,\N
"130","1","1","7",\N,"130",\N,"In the same moth Emma Herwegh made a tou","Scene:  130#   In the same moth Emma Herwegh made a tour through Switzerland.",\N,\N,\N,\N,\N,\N,\N,"0000-00-00",\N,\N,\N
"131","1","1","5",\N,"131",\N,"In September, Pfarrer Hans Jakob Meyer, ","Scene:  131#   In September, Pfarrer Hans Jakob Meyer, former pastor of Pfäffikon, was appointed as pastor of the cantonal prison in Oetenbach. On the 12th, Hirzel sended his application for the vacancy in Pfäffikon to Antistes Gessner.",\N,\N,\N,\N,\N,\N,\N,"0000-00-00",\N,\N,\N
"132","1","1","5",\N,"132",\N,"Three days later, the church committee (","Scene:  132#   Three days later, the church committee (Kirchenstillstand) and the municipal council sended their own nominations to the church council; Kaspar Melchior Wirth a pastor they had already known.",\N,\N,\N,\N,\N,\N,\N,"0000-00-00",\N,\N,\N
"133","1","1","5",\N,"133",\N,"Wirth was not ordinated yet. Therefore w","Scene:  133#   Wirth was not ordinated yet. Therefore was his election not possible due to the electory conventions of the church and is therefore rejected.",\N,\N,\N,\N,\N,\N,\N,"0000-00-00",\N,\N,\N
"134","1","1","4",\N,"134",\N,"8 October 1837, Hirzel won the election ","Scene:  134#   8 October 1837, Hirzel won the election as pastor of Pfäffikon. On the 14th, the elections was approved by the State council and on the 24th, the ordination of Pastor Bernhard Hirzel in Pfäffikon took place.",\N,\N,\N,\N,\N,\N,\N,"0000-00-00",\N,\N,\N
"135","1","1","1",\N,"135",\N,"Beginning that month, on the 10th, Katha","Scene:  135#   Beginning that month, on the 10th, Katharina left the ""Engel"" and received a ""Silver Spoon"" from the ""Trockenbund"".",\N,\N,\N,\N,\N,\N,\N,"0000-00-00",\N,\N,\N
"136","1","1","2",\N,"136",\N,"In 1837, Constantin Siegwart-Müller elec","Scene:  136#   In 1837, Constantin Siegwart-Müller elected indirectly as Grand Counciler of Luzern and became founder and editor of the ""Schweizer Bundeszeitung"".",\N,\N,\N,\N,\N,\N,\N,"0000-00-00",\N,\N,\N
"137","1","1","2",\N,"137",\N,"During this time, he worked together wit","Scene:  137#   During this time, he worked together with his friend Christoph Fuchs, in favor of the radical-liberal chur policy reforms.",\N,\N,\N,\N,\N,\N,\N,"0000-00-00",\N,\N,\N
"138","1","1","1",\N,"138",\N,"1 Januar 1838, Katharina married the ten","Scene:  138#   1 Januar 1838, Katharina married the ten years younger Josef Morel in Luzern.",\N,\N,\N,\N,\N,\N,\N,"0000-00-00",\N,\N,\N
"139","1","1","4",\N,"139",\N,"The same day, Bernhard Hirzel moved his ","Scene:  139#   The same day, Bernhard Hirzel moved his furnitures to Pfäffikon.",\N,\N,\N,\N,\N,\N,\N,"0000-00-00",\N,\N,\N
"140","1","1","5",\N,"140",\N,"On February 2nd, Pastor Meyer held a far","Scene:  140#   On February 2nd, Pastor Meyer held a farewell sermon and in the very night Pfäffikon was set on fire.",\N,\N,\N,\N,\N,\N,\N,"0000-00-00",\N,\N,\N
"141","1","1","4",\N,"141",\N,"Bernhard Hirzel became president of the ","Scene:  141#   Bernhard Hirzel became president of the Fire Controll Commission. Until July he convoked 10 meetings and helps actively in the cleaning up and re-building of the town.",\N,\N,\N,\N,\N,\N,\N,"0000-00-00",\N,\N,\N
"142","1","1","4",\N,"142",\N,"On February 14th, he officially moved to","Scene:  142#   On February 14th, he officially moved to Pfäffikon and started his work as a pastor on the 25th.",\N,\N,\N,\N,\N,\N,\N,"0000-00-00",\N,\N,\N
"143","1","1","2",\N,"143",\N,"5 July 1838, the monastery of Pfäffers w","Scene:  143#   5 July 1838, the monastery of Pfäffers was officially dissoluted. This was a remarkable event for Constantin Siegwart-Müller who later blamed the “tired” Abbot Baumgartner.",\N,\N,\N,\N,\N,\N,\N,"0000-00-00",\N,\N,\N
"144","1","1","4",\N,"144",\N,"The same month, Bernhard Hirzel reported","Scene:  144#   The same month, Bernhard Hirzel reported to the Church council the truly Christian compassion [ächt christliche Theilname] of the people of Pfäffikon.",\N,\N,\N,\N,\N,\N,\N,"0000-00-00",\N,\N,\N
"145","1","1","3",\N,"145",\N,"1838 Heinrich Weiss became President of ","Scene:  145#   1838 Heinrich Weiss became President of the War Council and Envoy of the Confederate Diet (Tagsatzungsgesandter). He was also newly elected as member of the State Council.",\N,\N,\N,\N,\N,\N,\N,"0000-00-00",\N,\N,\N
"146","1","1","2",\N,"146",\N,"The Napoleon Affair kept Constantin Sieg","Scene:  146#   The Napoleon Affair kept Constantin Siegwart-Müller and the whole of Switzerland breathless. He rejected his election to the Small Council.",\N,\N,\N,\N,\N,\N,\N,"0000-00-00",\N,\N,\N
"147","1","1","2",\N,"147",\N,"Somewhen, during those late 30s he final","Scene:  147#   Somewhen, during those late 30s he finally broke with the radical-liberals and joined the Catholic-conservative reform movement.",\N,\N,\N,\N,\N,\N,\N,"0000-00-00",\N,\N,\N
"148","1","1","2",\N,"148",\N,"26 January 1839 David Friedrich Strauss ","Scene:  148#   26 January 1839 David Friedrich Strauss was elected for the chair of theology at the University of Zürich. During the parish Chapter, Hirzel relativates the risk of a possible appointment of Strauss.",\N,\N,\N,\N,\N,\N,\N,"0000-00-00",\N,\N,\N
"149","1","1","5",\N,"149",\N,"Two days later, returned Jakob Heusser f","Scene:  149#   Two days later, returned Jakob Heusser from Zürich and informed his wife Meta Heusser-Schweizer about these news.",\N,\N,\N,\N,\N,\N,\N,"0000-00-00",\N,\N,\N
"150","1","1","5",\N,"150",\N,"Meta Heusser-Schweizer was suddenly affe","Scene:  150#   Meta Heusser-Schweizer was suddenly affected by an erysipelas (Gesichtsrose).",\N,\N,\N,\N,\N,\N,\N,"0000-00-00",\N,\N,\N
"151","1","1","4",\N,"151",\N,"13 February 1839 Bernhard Hirzel partici","Scene:  151#   13 February 1839 Bernhard Hirzel participated in a meeting of deputies from 29 municipalities. They fix 11 points in a missive which goes out to all parishes of the Canton.",\N,\N,\N,\N,\N,\N,\N,"0000-00-00",\N,\N,\N
"152","1","1","4",\N,"152",\N,"On the 17th, the church committee (Kirch","Scene:  152#   On the 17th, the church committee (Kirchenstillstand), of which Hirzel was member, hold a meeting. Actions in relation to the negative reactions from the people against the appointment of Strauss were discussed.",\N,\N,\N,\N,\N,\N,\N,"0000-00-00",\N,\N,\N
"153","1","1","4",\N,"153",\N,"On the 18th, Hirzel motivated the church","Scene:  153#   On the 18th, Hirzel motivated the church committee to wait, only an ""open revolution"" could remove a legally elected person.",\N,\N,\N,\N,\N,\N,\N,"0000-00-00",\N,\N,\N
"154","1","1","5",\N,"154",\N,"Meta Heusser-Schweizer took timely note ","Scene:  154#   Meta Heusser-Schweizer took timely note on these events in her diary.",\N,\N,\N,\N,\N,\N,\N,"0000-00-00",\N,\N,\N
"155","1","1","4",\N,"155",\N,"On the 22nd, the missive arrived in Pfäf","Scene:  155#   On the 22nd, the missive arrived in Pfäffikon and a Parish Assembly is convoked where they establish a Municipal Committee.",\N,\N,\N,\N,\N,\N,\N,"0000-00-00",\N,\N,\N
"156","1","1","4",\N,"156",\N,"6 March 1839, the church committee convo","Scene:  156#   6 March 1839, the church committee convokes a Parish Assembly in reaction to the...",\N,\N,\N,\N,\N,\N,\N,"0000-00-00",\N,\N,\N
"157","1","1","4",\N,"157",\N,"7 March, The ""Wilhelm Tell"" started a lo","Scene:  157#   7 March, The ""Wilhelm Tell"" started a long line of defamation by different newspapers against Hirzel and the parish assembly.",\N,\N,\N,\N,\N,\N,\N,"0000-00-00",\N,\N,\N
"158","1","1","4",\N,"158",\N,"8 March, The conservative ""Zürcher Freit","Scene:  158#   8 March, The conservative ""Zürcher Freitags-Zeitung"" and the radical ""Republican"" published their opinion on the Assembly of March 6. The ""Republican"" used the word ""terrorism"".",\N,\N,\N,\N,\N,\N,\N,"0000-00-00",\N,\N,\N
"159","1","1","4",\N,"159",\N,"15 March, The ""Beobachter"" defended Hirz","Scene:  159#   15 March, The ""Beobachter"" defended Hirzel's implication as correct, and reject the defamation of the ""Republikaner"", relativating his role as ""leader"".",\N,\N,\N,\N,\N,\N,\N,"0000-00-00",\N,\N,\N
"160","1","1","4",\N,"160",\N,"20 April, Bernhard Hirzel critisized the","Scene:  160#   20 April, Bernhard Hirzel critisized the religious teaching by Karl Kramers, teacher at the newly founded secondary school [Sekundarschule]. He tries to motivate the Comission of the Secondary School [Sekundarschulkommission] to remove Kramer. He is not succesful until Kramer takes a pro-government position in respect to the Züriputsch.",\N,\N,\N,\N,\N,\N,\N,"0000-00-00",\N,\N,\N
"161","1","1","7",\N,"161",\N,"In July 1839 Georg Herwegh deserted and ","Scene:  161#   In July 1839 Georg Herwegh deserted and fled to Switzerland. Emma Herwegh passed a recreatory stay in Karlsbad.",\N,\N,\N,\N,\N,\N,\N,"0000-00-00",\N,\N,\N
"162","1","1","4",\N,"162",\N,"27 August, during a meeting of the Paris","Scene:  162#   27 August, during a meeting of the Parish Chapter (Pastoralgesellschaft Pfäffikon), Hirzel gave a speech ""Jetzt ist eine Revolution […] von der Regierung ausgeganten.""",\N,\N,\N,\N,\N,\N,\N,"0000-00-00",\N,\N,\N
"163","1","1","3",\N,"163",\N,"In the same month, Heinrich Weiss lost t","Scene:  163#   In the same month, Heinrich Weiss lost the full support by the citizens of Fehraltorf and moved to Winterthur where he worked as a drapery merchant.",\N,\N,\N,\N,\N,\N,\N,"0000-00-00",\N,\N,\N
"164","1","1","5",\N,"164",\N,"2 September, 1839 was the Day of Kloten.","Scene:  164#   2 September, 1839 was the Day of Kloten. Meta Heusser-Schweizer annoted this day in her diary and named the 6th the day of the decision. She stood in Baden in the meanwhile.",\N,\N,\N,\N,\N,\N,\N,"0000-00-00",\N,\N,\N
"165","1","1","4",\N,"165",\N,"7 September, in the evening, the town of","Scene:  165#   7 September, in the evening, the town of Pfäffikon was illuminated in honour of Bernhard Hirzel. Antistes Füssli and Bernhard Hirzel became members of the Educational council.",\N,\N,\N,\N,\N,\N,\N,"0000-00-00",\N,\N,\N
"166","1","1","4",\N,"166",\N,"9 September 1939 Züriputsch.","Scene:  166#   9 September 1939 Züriputsch.",\N,\N,\N,\N,\N,\N,\N,"0000-00-00",\N,\N,\N
"167","1","1","4",\N,"167",\N,"23 October 1939, Decan Schweizer describ","Scene:  167#   23 October 1939, Decan Schweizer described the Faith Committee as a tool of God, during the parish Chapter.",\N,\N,\N,\N,\N,\N,\N,"0000-00-00",\N,\N,\N
"168","1","1","4",\N,"168",\N,"In the same year Bernhard Hirzel’s broth","Scene:  168#   In the same year Bernhard Hirzel’s brother Johannes divorced from his wife Anna Hirzel-Holzhalb.",\N,\N,\N,\N,\N,\N,\N,"0000-00-00",\N,\N,\N
"169","1","1","2",\N,"169",\N,"Constantin Siegwart-Müller was member of","Scene:  169#   Constantin Siegwart-Müller was member of the Grand City Council Luzern and influenced the calling of the Jesuits to the institutions of higher education by Josef Leu who led to a conflict between the conservative cantons.",\N,\N,\N,\N,\N,\N,\N,"0000-00-00",\N,\N,\N
"170","1","1","2",\N,"170",\N,"Siegwart-Müller fought the conservatives","Scene:  170#   Siegwart-Müller fought the conservatives in his news paper, but already wrote in favor of the ""true sovereign of the people (Volksouveränität)"" against representational democracy, which would have consequences for Zürich.",\N,\N,\N,\N,\N,\N,\N,"0000-00-00",\N,\N,\N
"171","1","1","2",\N,"171",\N,"The Catholic cantons hold their own conf","Scene:  171#   The Catholic cantons hold their own conferences on the issues between the State and the Church.",\N,\N,\N,\N,\N,\N,\N,"0000-00-00",\N,\N,\N
"172","1","1","1",\N,"172",\N,"In the meanwhile, Katharina Morel entere","Scene:  172#   In the meanwhile, Katharina Morel entered the business world and became shareholder of the Stadttheater Luzern, which was still under construction.",\N,\N,\N,\N,\N,\N,\N,"0000-00-00",\N,\N,\N
"173","1","1","2",\N,"173",\N,"1840 Siegwart-Müller became State Secret","Scene:  173#   1840 Siegwart-Müller became State Secretary (Staatsschreiber) in Luzern. During the years 1833-1838, the freedom of movement was highly disputed in several cantons and led to the so called Beisassen-Handel in the Canton Schwyz which involved Constantin Siegwart-Müller directly as well as the chief magistrates (Landammänner) Nazar von Reding, Ab Yberg and Fridolin Holdener. This affairs was paralleled by the Horn- und Klauenstreit (horns and claws dispute), in which arguments about rights of cooperative use and the commons (Allmende), extended to general questions in social politics and ended in a mass brawl during the Cantonal Assembly on the 6 May 1838 in Schwyz. Constantin Siegwart-Müller spoke in favor of the Klauen-Party. The Swiss Diet called the troopes and declared the Assembly as invalid. A new Assembly was calle on 22 July 1838 under the observation of the Swiss Diet. As a result the conservative forces, the horn men, would return to power in the forest cantons.",\N,\N,\N,\N,\N,\N,\N,"0000-00-00",\N,\N,\N
"174","1","1","2",\N,"174",\N,"From 1838-1840 Constantin Siegwart-Mülle","Scene:  174#   From 1838-1840 Constantin Siegwart-Müller remained involved in questions of freedom of movement and further opposes the liberal intents to separate the Church from the State. He took high interest in the appointment of David Friedrich Strauss to the university of Zürich and the later disputes about the universities possible dissolution as proposed by the liberals and supported the conservative side through his news papers.",\N,\N,\N,\N,\N,\N,\N,"0000-00-00",\N,\N,\N
"175","1","1","7",\N,"175",\N,"27 March 1840, Jules Piaget, whome Emma ","Scene:  175#   27 March 1840, Jules Piaget, whome Emma called her ""beloved brother"" died.",\N,\N,\N,\N,\N,\N,\N,"0000-00-00",\N,\N,\N
"176","1","1","5",\N,"176",\N,"In July, Meta Heusser-Schweizer made a t","Scene:  176#   In July, Meta Heusser-Schweizer made a trip to the Rigi.",\N,\N,\N,\N,\N,\N,\N,"0000-00-00",\N,\N,\N
"177","1","1","2",\N,"177",\N,"In 1840, Jakob Robert Steiger, a liberal","Scene:  177#   In 1840, Jakob Robert Steiger, a liberal and friend, drew a potrait of Constantin Siegwart-Müller.",\N,\N,\N,\N,\N,\N,\N,"0000-00-00",\N,\N,\N
"178","1","1","2",\N,"178",\N,"A constitutional revision hold place in ","Scene:  178#   A constitutional revision hold place in the same year.",\N,\N,\N,\N,\N,\N,\N,"0000-00-00",\N,\N,\N
"179","1","1","2",\N,"179",\N,"5 November 1840, Siegwart-Müller called ","Scene:  179#   5 November 1840, Siegwart-Müller called the Central Committee of the Ruswiler Club for a meeting. He was secretary and Josef Leu president of the club. On the 25th, he was suspended by the liberal government as state secretary as a threat for the public order.",\N,\N,\N,\N,\N,\N,\N,"0000-00-00",\N,\N,\N
"180","1","1","2",\N,"180",\N,"30 December 1840, Siegwart-Müller was ce","Scene:  180#   30 December 1840, Siegwart-Müller was ceased from his position as state secretary by the Grand Council.",\N,\N,\N,\N,\N,\N,\N,"0000-00-00",\N,\N,\N
"181","1","1","3",\N,"181",\N,"16 February 1841 Bernhard Hirzel was cea","Scene:  181#   16 February 1841 Bernhard Hirzel was ceased from the Educational council in the same year, Heinrich Weiss became member.",\N,\N,\N,\N,\N,\N,\N,"0000-00-00",\N,\N,\N
"182","1","1","2",\N,"182",\N,"Josef Leu founded his people's party (Vo","Scene:  182#   Josef Leu founded his people's party (Volkspartei). Siegwart-Müller kept distanciated.",\N,\N,\N,\N,\N,\N,\N,"0000-00-00",\N,\N,\N
"183","1","1","2",\N,"183",\N,"In March, Constantin Siegwart-Müller sen","Scene:  183#   In March, Constantin Siegwart-Müller sended his ""Bemerkungen und Wünsche [Comments and Desires]"" from Altorf to Luzern.",\N,\N,\N,\N,\N,\N,\N,"0000-00-00",\N,\N,\N
"184","1","1","2",\N,"184",\N,"The monastry affair (Klosterfrage) in Ca","Scene:  184#   The monastry affair (Klosterfrage) in Canton Aargau brought the confessional concerns up again in all the Swiss cantons.",\N,\N,\N,\N,\N,\N,\N,"0000-00-00",\N,\N,\N
"185","1","1","2",\N,"185",\N,"23 May 1841, Regular electios of the Gra","Scene:  185#   23 May 1841, Regular electios of the Grand Council brought Siegwart-Müller to his position as counciler. He corresponds with Metternich and other foreign governments in hope for support of the conservative cause.",\N,\N,\N,\N,\N,\N,\N,"0000-00-00",\N,\N,\N
"186","1","1","7",\N,"186",\N,"In July, Herwegh's ""Gedichte eines Leben","Scene:  186#   In July, Herwegh's ""Gedichte eines Lebendigen"" were published.",\N,\N,\N,\N,\N,\N,\N,"0000-00-00",\N,\N,\N
"187","1","1","5",\N,"187",\N,"Meta Heusser-Schweizer passed the month ","Scene:  187#   Meta Heusser-Schweizer passed the month of September on the Rigi.",\N,\N,\N,\N,\N,\N,\N,"0000-00-00",\N,\N,\N
"188","1","1","7",\N,"188",\N,"Emma Siegmund passed her summer holiday ","Scene:  188#   Emma Siegmund passed her summer holiday on the island Helgoland. On her return, in September on the 28rd, she read Georg Herwegh‘s ""Gedichte eines Lebendigen"".",\N,\N,\N,\N,\N,\N,\N,"0000-00-00",\N,\N,\N
"189","1","1","3",\N,"189",\N,"22 August 1842, Heinrich Weiss became me","Scene:  189#   22 August 1842, Heinrich Weiss became member of the District Council for Education in Winterthur.",\N,\N,\N,\N,\N,\N,\N,"0000-00-00",\N,\N,\N
"190","1","1","7",\N,"190",\N,"In September, Georg Herwegh's organized ","Scene:  190#   In September, Georg Herwegh's organized a triumph tour through the German countries.",\N,\N,\N,\N,\N,\N,\N,"0000-00-00",\N,\N,\N
"191","1","1","7",\N,"191",\N,"6 November 1842, first encounter between","Scene:  191#   6 November 1842, first encounter between Emma Siegmund and Georg Herwegh. Only 7 days later, on the 13th, Emma Siegmund and Georg Herwegh got engaged at the Siegmund estate.",\N,\N,\N,\N,\N,\N,\N,"0000-00-00",\N,\N,\N
"192","1","1","7",\N,"192",\N,"19 November, Herwegh had an audience by ","Scene:  192#   19 November, Herwegh had an audience by Friedrich Wilhelm IV.",\N,\N,\N,\N,\N,\N,\N,"0000-00-00",\N,\N,\N
"193","1","1","7",\N,"193",\N,"28 December 1842, the ""Deutsche Bote"", a","Scene:  193#   28 December 1842, the ""Deutsche Bote"", among other newspapers, was prohibited, letter to the King. Expulsion of Herwegh from the Kingdoms Prussia and Saxon.",\N,\N,\N,\N,\N,\N,\N,"0000-00-00",\N,\N,\N
"194","1","1","5",\N,"194",\N,"Meta Heusser-Schweizer and her family fo","Scene:  194#   Meta Heusser-Schweizer and her family fought in the meantime against a winter flue. In December, was the confirmation of her son Christian.",\N,\N,\N,\N,\N,\N,\N,"0000-00-00",\N,\N,\N
"195","1","1","7",\N,"195",\N,"The same month, Herwegh traveled onward ","Scene:  195#   The same month, Herwegh traveled onward to Königsberg.",\N,\N,\N,\N,\N,\N,\N,"0000-00-00",\N,\N,\N
"196","1","1","3",\N,"196",\N,"The year 1842, Heinrich Weiss was reelec","Scene:  196#   The year 1842, Heinrich Weiss was reelected as member of the Grand Council. He became also State council and opposed in this function to the editorial of the Zürcher Blätter.",\N,\N,\N,\N,\N,\N,\N,"0000-00-00",\N,\N,\N
"197","1","1","2",\N,"197",\N,"In Luzern, Siegwart-Müller proposed a mi","Scene:  197#   In Luzern, Siegwart-Müller proposed a middle way, joining secular priests (clerici saeculari) under the command of a rector. Further, he feigned lack of knowledge about the current situation of the Society of Jesus.",\N,\N,\N,\N,\N,\N,\N,"0000-00-00",\N,\N,\N
"198","1","1","7",\N,"198",\N,"8 March 1843 Emma Siegmund and Georg Her","Scene:  198#   8 March 1843 Emma Siegmund and Georg Herwegh married in Baden, Switzerland and enjoyed and extended honeymoon from April to September.",\N,\N,\N,\N,\N,\N,\N,"0000-00-00",\N,\N,\N
"199","1","1","7",\N,"199",\N,"During their voyage they encounter with ","Scene:  199#   During their voyage they encounter with the ""Handwerkerkommunisten"" Weitling and Becker in Geneva. The travel to Southern France and Italy and enjoy a bathing holiday in Ostende.",\N,\N,\N,\N,\N,\N,\N,"0000-00-00",\N,\N,\N
"200","1","1","5",\N,"200",\N,"12 July 1843, Meta Heusser-Schweizer’s s","Scene:  200#   12 July 1843, Meta Heusser-Schweizer’s son Theodor wrote; her comment: “to Berlin”.",\N,\N,\N,\N,\N,\N,\N,"0000-00-00",\N,\N,\N
"201","1","1","5",\N,"201",\N,"30 August was Missionsfest.","Scene:  201#   30 August was Missionsfest.",\N,\N,\N,\N,\N,\N,\N,"0000-00-00",\N,\N,\N
"202","1","1","2",\N,"202",\N,"13 September 1843, Constantin Siegwart-M","Scene:  202#   13 September 1843, Constantin Siegwart-Müller had become Envoy of the Confederate Diet, and proposed to ""refer the conduct of the affair to a permanent conference, along with some instructions on actions military defense becoming the foundation of  the first consultation from which the further developments and finally resulted in the joining of an actual separate alliance arose "".",\N,\N,\N,\N,\N,\N,\N,"0000-00-00",\N,\N,\N
"203","1","1","2",\N,"203",\N,"Until November 1843 three of the dissolv","Scene:  203#   Until November 1843 three of the dissolved monasteries werepartially restored, among other the monastery Fahr, Einsiedeln, Rheinau (?)",\N,\N,\N,\N,\N,\N,\N,"0000-00-00",\N,\N,\N
"204","1","1","7",\N,"204",\N,"By end of September, in Paris, the coupl","Scene:  204#   By end of September, in Paris, the couple Herwegh accomodated in an apartement next to Marx and Ruge. Later in November, Georg began his friendship with the Countess Mari d'Agoult (Daniel Stern).",\N,\N,\N,\N,\N,\N,\N,"0000-00-00",\N,\N,\N
"205","1","1","7",\N,"205",\N,"28 December 1843, Horace Herwegh was bor","Scene:  205#   28 December 1843, Horace Herwegh was born and the second part of the ""Gedichte eines Lebendigen"" were published.",\N,\N,\N,\N,\N,\N,\N,"0000-00-00",\N,\N,\N
"206","1","1","4",\N,"206",\N,"2 February 1844, Bernhard Hirzel was acc","Scene:  206#   2 February 1844, Bernhard Hirzel was accused in the ""Boten von Uster"" for the lack of a final balance for the expenses of the Fire Control Committee. Further defamations follow during the following months.",\N,\N,\N,\N,\N,\N,\N,"0000-00-00",\N,\N,\N
"207","1","1","2",\N,"207",\N,"31 March 1844, the first Volunteerism mo","Scene:  207#   31 March 1844, the first Volunteerism movement (Freischaarenzug) took actions.",\N,\N,\N,\N,\N,\N,\N,"0000-00-00",\N,\N,\N
"208","1","1","7",\N,"208",\N,"During the same month in Paris, Emma dis","Scene:  208#   During the same month in Paris, Emma discovered Georg Herwegh's affair with Marie d'Agoult, writes in her diary.",\N,\N,\N,\N,\N,\N,\N,"0000-00-00",\N,\N,\N
"209","1","1","7",\N,"209",\N,"In Silesia, the Weberaufstand [weaver up","Scene:  209#   In Silesia, the Weberaufstand [weaver uprising] took place from the 4th to the 6th of June, and even though, it was not the largest or most intensive one of a series of weaver uprisings in Germany, it achieve unknown coverage by the media.",\N,\N,\N,\N,\N,\N,\N,"0000-00-00",\N,\N,\N
"210","1","1","7",\N,"210",\N,"For Emma Herwegh this was rather an oppo","Scene:  210#   For Emma Herwegh this was rather an opportunity to take up the fight with her rival, competing in the aesthetic literary salons and beginning her political activity, starting from July.",\N,\N,\N,\N,\N,\N,\N,"0000-00-00",\N,\N,\N
"211","1","1","1",\N,"211",\N,"19 June 1844, Josef Morel, after much wo","Scene:  211#   19 June 1844, Josef Morel, after much worries due to family issues, and herritage disputes, died unexpectedly. Katharina had to restructure her financial budget.",\N,\N,\N,\N,\N,\N,\N,"0000-00-00",\N,\N,\N
"212","1","1","5",\N,"212",\N,"The day after, Meta Heusser-Schweizer re","Scene:  212#   The day after, Meta Heusser-Schweizer recorded in her diary Zar Alexander I.’s visit of the Bible Society in London.",\N,\N,\N,\N,\N,\N,\N,"0000-00-00",\N,\N,\N
"213","1","1","3",\N,"213",\N,"4 December 1844, Johann Jakob Blumer an ","Scene:  213#   4 December 1844, Johann Jakob Blumer an Alfred Escher, Glarus, Mittwoch, 4. Dezember 1844: wrote against any liberal intents of a Putsch and believed that waiting a while more, the people would get tired of Siegwart and change their direction.",\N,\N,\N,\N,\N,\N,\N,"0000-00-00",\N,\N,\N
"214","1","1","1",\N,"214",\N,"But liberal governments thought otherwis","Scene:  214#   But liberal governments thought otherwise and the volunteers engaged in agitations which were defeated in Luzern only four days later on the 8th of December. Equally, Constantin Siegwart-Müller, who was chief magistrate (Schultheiss) by this time and led the coup, as well as Katharina Morel, who belonged to the Pepper women (Pfefferfrauen), a female radical-liberal guerilla who supported the volunteerism movement during 1844-1845, annotated this date.",\N,\N,\N,\N,\N,\N,\N,"0000-00-00",\N,\N,\N
"215","1","1","1",\N,"215",\N,"Besides all the turmoils, in 1844 finall","Scene:  215#   Besides all the turmoils, in 1844 finally the docks were built in Luzern, and the hotel ""Schweizerhof"" was built in 1844/45 by the brothers Xaver and Josef Plazidus Segesser as  a building with 15 axes.",\N,\N,\N,\N,\N,\N,\N,"0000-00-00",\N,\N,\N
"216","1","1","2",\N,"216",\N,"Constantin Siegwart-Müller was appointed","Scene:  216#   Constantin Siegwart-Müller was appointed President of the Confederate Diet and supported secretly Leu in his plan to install the Jesuit Order.",\N,\N,\N,\N,\N,\N,\N,"0000-00-00",\N,\N,\N
"217","1","1","3",\N,"217",\N,"16 January 1845, Heinrich Weiss reported","Scene:  217#   16 January 1845, Heinrich Weiss reported on an assembly in the Canton Zürich:",\N,\N,\N,\N,\N,\N,\N,"0000-00-00",\N,\N,\N
"218","1","1",\N,\N,"218",\N,"Es war winterlich kalt an diesem 26. Jan",\N,\N,\N,\N,\N,\N,\N,\N,\N,\N,\N,\N
"219","2","1",\N,\N,\N,\N,"FADE IN:","FADE IN: In the Valley of Saga. A group of people is sitting around a table on a beautivul terrasse, next to a small river. They drink milk coffee and eat a delicious Napoleon Pastry.",\N,\N,\N,\N,\N,\N,\N,\N,\N,"1","1"
"220","2","1",\N,\N,\N,\N,"FADE IN:","A messenger approaches them and gives them a note. It says that the president of Germany was in serious dispair. She had to lead Europe in a time when it was torn apart by internal antisystem movements and threatened by the growing Islamic State. Therefore, she asked the anscestors to give her an advice.",\N,\N,\N,\N,\N,\N,\N,\N,\N,"1","2"
"221","2","1",\N,\N,\N,\N,"FADE IN:","Some of them are a little bit set up that she had woken up the death. Still they try to help her and discuss on how they had handle such issues in the past.",\N,\N,\N,\N,\N,\N,\N,\N,\N,"1","3"
"222","2","1","8",\N,\N,\N,"Scene 1: luzern","The first time I had seen him was when my mother died. By this time, I didn't know what it was, but I learnt soon what it meant.","Chronology sequence 7; Morel, 1873, p. xy ",\N,\N,\N,\N,\N,\N,\N,\N,"2","4"
"223","2","1","8",\N,\N,\N,"Scene 2: luzern","I lost everything, my home in Luzern, where I was born. My father sold the Inn we run, and I had to live with my aunt in Kriens.","Chronology sequence 4; Morel, 1873, p. xy ",\N,\N,\N,\N,\N,\N,\N,\N,"3","5"
"224","2","1","8",\N,\N,\N,"Scene 3: luzern","We had been obliged to host French soldiers already the years before, and the imposition of the Continental system made things not better. Businesses in Luzern were small and without perspective. But I never let anybody control me and rejected all pretendents.","Chronology sequence 5; Morel, 1873, p. xy ",\N,\N,\N,\N,\N,\N,\N,\N,"4","6"
"225","2","1","8",\N,\N,\N,"Scene 4: Luzern","Until I met him. He was so funny, the Peyer. We should become true compagnion in arms.","Chronology sequence 16; Morel, 1873, p. xy ",\N,\N,\N,\N,\N,\N,\N,\N,"5","7"
"226","2","1","8",\N,\N,\N,"Scene 5: Beresina","He was a saddler and had tried his luck. But people payed late or never. Peyer was also often ill. When he had to hire new soldiers for Napoleon, I had to do the job for him many times. But finally, he decided to list voluntarily for military service to the great Napoleon. This filled him with hope for a change, a more stable economy. How wrong we were...","Chronology sequence 21; Morel, 1873, p. xy ",\N,\N,\N,\N,\N,\N,\N,\N,"6","8"
"227","2","1","8",\N,\N,\N,"scene 6: Beresina","Death was not my only enemy. Yes, I was sad, destroyed when my dear parents died. But it was also the beginning of a new life for me.","Chronology sequences 24-36; Morel, 1873, p. xy ",\N,\N,\N,\N,\N,\N,\N,\N,"7","9"
"228","2","1","9",\N,\N,\N,"scene 7: Ticino","What could a glassworker's son strive for by this time? My foster father was a great man, a Catholic priest. He educated me in the Scholastic and send me to even to the best, liberal universities.","Chronology sequence 7 and 19; Morel, 1873, p. xy ",\N,\N,\N,\N,\N,\N,\N,\N,"8","10"
"229","2","1","9",\N,\N,\N,"scene 8: Uri","I achieved citizenship in Uri, had written the ""Tell"" in order to promote me. Further, I was public prosecutor.","Chronology sequence 69, 98; Morel, 1873, p. xy ",\N,\N,\N,\N,\N,\N,\N,\N,"9","11"
"230","2","1","9",\N,\N,\N,"scene 9: Uri","Finally, I married one of the most noble women in Uri. I had calculated well my social ascend. And I had great luck. Josefine became not only my wife, but also my confident, my friend.","Chronology sequence 77; Morel, 1873, p. xy ",\N,\N,\N,\N,\N,\N,\N,\N,"10","12"
"231","2","1","11",\N,\N,\N,"scene 10: fehraltorf","Constantin, you are right. A good education was key for our social ascend. It was a luck, that already my father was a teacher and he spent his last money to send me to the public high school in Aarau. A foreing university was beyond our possibilities.","Chronology sequence 10 and 48; Morel, 1873, p. xy ",\N,\N,\N,\N,\N,\N,\N,\N,"11","13"
"232","2","1","11",\N,\N,\N,"scene 11: Kyburg","I would become tribunal and even Police Council, Grand Councilor and member of the State Council, later in the 30s.","Chronology sequence 82, 85, 87; Morel, 1873, p. xy ",\N,\N,\N,\N,\N,\N,\N,\N,"12","14"
"233","2","1","11",\N,\N,\N,"scene 12: Fehraltorf","But I was not so lucky in love as you two. My first wife died early after our marriage.","Chronology sequence 70; Morel, 1873, p. xy ",\N,\N,\N,\N,\N,\N,\N,\N,"13","15"
"234","2","1","11",\N,\N,\N,"scene 13: fehraltorf","One thing was clear for me, if our society should be more just we needed the possibility to study for everybody, better public schools and credit for the small people.","Chronology sequence 107; Morel, 1873, p. xy ",\N,\N,\N,\N,\N,\N,\N,\N,"14","16"
"235","2","1","14",\N,\N,\N,"scene 14: zürich","Do you really believe that things were only difficult for the land people? We aristocrats desired a change more than anybody else. My father was a violent alcoholic without perspectives. He could only think about making money.","Chronology sequences 17 and 43; Morel, 1873, p. xy ",\N,\N,\N,\N,\N,\N,\N,\N,"15","17"
"236","2","1","14",\N,\N,\N,"scene 15: zürich","But money was not all in life. I realized this when I started my Sanskrit studies. This was a full new world; a free world.","Chronology sequences 52, 62, 65, 76, 84, 86, 90, 91; Morel, 1873, p. xy ",\N,\N,\N,\N,\N,\N,\N,\N,"16","18"
"237","2","1","14",\N,\N,\N,"scene 16: zürich","Love, yes, love was what I longed for. But I never found it really. My emotions were my true opponent in life.","Chronology sequence 68; Morel, 1873, p. xy ",\N,\N,\N,\N,\N,\N,\N,\N,"17","19"
"238","2","1","13",\N,\N,\N,"scene 17: hirzel","The Mediation and the Restauration were very agitated times. I remember them well. The Bocken inn war, the fire of the nearby villages when the French had passed through. ","Chronology sequences 11, 31, 34, 36; Morel, 1873, p. xy ",\N,\N,\N,\N,\N,\N,\N,\N,"18","20"
"239","2","1","13",\N,\N,\N,"scene 18: hirzel","You know, Bernhard, you are not completly wrong. Love is important. ","Chronology sequences 11, 12, 15; Morel, 1873, p. xy ",\N,\N,\N,\N,\N,\N,\N,\N,"19","21"
"240","2","1","13",\N,\N,\N,"scene 18: hirzel","But you confused physical love with true love. Even the love of your enemy.",\N,\N,\N,\N,\N,\N,\N,\N,\N,"19","22"
"241","2","1","13",\N,\N,\N,"scene 19: hirzel","I found my love, the Heusser, but it was not always easy with him.","Chronology sequence 49, 57; Morel, 1873, p. xy ",\N,\N,\N,\N,\N,\N,\N,\N,"20","23"
"242","2","1","13",\N,\N,\N,"scene 20: hirzel","You two dreamed with the liberals, they should bring more freedom. But religious freedom was not guaranteed. Remeber, how the Anabaptist were still persecuted; almost as in times of Zwingli and Bullinger.","Chronology sequences 148-153; Morel, 1873, p. xy ",\N,\N,\N,\N,\N,\N,\N,\N,"21","24"
"243","2","1","9",\N,\N,"Constantin and Bernhard nodded. ","scene 21: Luzern","This is why I returned to my Catholic faith.","Chronology sequence 54, 168; Morel, 1873, p. xy ",\N,\N,\N,\N,\N,\N,\N,\N,"22","25"
"244","2","1","9",\N,\N,\N,"scene 22: luzern","Leu had understood this long before me. At the beginning I was skeptic.","Chronology sequences 136, 142; Morel, 1873, p. xy ",\N,\N,\N,\N,\N,\N,\N,\N,"23","26"
"245","2","1","8",\N,\N,\N,"scene 23: Luzern","Comme on, you were an opportunist! Did you not achieve the citizenship in Luzern only because you were friend of the liberals, especially Casimir Pfyffer?","Chronology sequences 98, 106, 109; Morel, 1873, p. xy ",\N,\N,\N,\N,\N,\N,\N,\N,"24","27"
"246","2","1","8",\N,\N,\N,"scene 24: GORUM","I had lost so many things. I really learnt what war meant. Several times I lost my houshold goods, and several times almost my life. At the end, Death took my Peyer. On Carnival,isn't that grotesk!","Chronology sequence 48; Morel, 1873, p. xy ",\N,\N,\N,\N,\N,\N,\N,\N,"25","28"
"247","2","1","8",\N,\N,\N,"scene 25: LUZERN -- ","But we liberals had improved life so much. Finally, the steam boat docked in Luzern. The public schools were increased and the educational law enforced.","Chronology sequences 60, 79, 114, 171; Morel, 1873, p. xy ",\N,\N,\N,\N,\N,\N,\N,\N,"26","29"
"248","2","1","8",\N,\N,\N,"scenen 26: HIRZEL","Life had taken much from me, but it had also given. I had never had children, but the death of my dear sister-in-law gave me also a daughter, my dear Katharina.","Chronology sequence 61; Morel, 1873, p. xy ",\N,\N,\N,\N,\N,\N,\N,\N,"27","30"
"249","2","1","8",\N,\N,\N,"scene 27: LUZERN -- ","Even my second husband died - he was ten years younger, who would ever have thought that he died earlier than me? But he taught me much about business. I became even a shareholder of the new theatre in Luzern and finally the manager of the Schweizerhof!","Chronology sequence 137, 210; Morel, 1873, p. xy ",\N,\N,\N,\N,\N,\N,\N,\N,"28","31"
"250","2","1","13",\N,\N,\N,"scene 28: HIRZEL -- ","It is true, life had given us much to all of us, I think especially of my children.","Chronology sequences 59, 63, 67, 71, 78, 120, 128, 193; Morel, 1873, p. xy ",\N,\N,\N,\N,\N,\N,\N,\N,"29","32"
"251","2","1","13",\N,\N,\N,"scenen 29: RIGI ","I had seen the progress in Luzern when I returned to it on my trip to the Rigi."," ",\N,\N,\N,\N,\N,\N,\N,\N,"30","33"
"252","2","1","13",\N,\N,\N,"scene 30: RIGI","I had travelled a lot during the late 20s and early 30s and saw how the country changed. We all wished a school reform, but you the liberals abused of it and tried to impose your philosophy on everybody. And how you used the press to influence the people, to boost things, not to speak of the Volunteer movement!","Chronology sequences 14, 20, 37, 45, 53, 175, 186; Morel, 1873, p. xy",\N,\N,\N,\N,\N,\N,\N,\N,"31","34"
"253","2","2","13",\N,\N,\N,"scene 31:HIRZEL","But also you, the conservatives pured much oil into the fire with your ""Bundeszeitung"".","Chronology scene 156-158; Morel, 1873, p. xy ",\N,\N,\N,\N,\N,\N,\N,\N,"32","35"
"254","2","2","13",\N,\N,\N,"scene 32: HIRZEL","And then you thought you had to fight for your faith with weapons! My poor Heusser, how confused he was. All this affected me so much that I suffered from a terrible erysipelas for the third time.","Chronology scene 161-166; Morel, 1873, p. xy ",\N,\N,\N,\N,\N,\N,\N,\N,"33","36"
"255","2","2","13",\N,\N,\N,"scene 33: HIRZEL","However, the true history was a hidden one. My dear mother had taught me that.","Chronology scene 117; Morel, 1873, p. xy ",\N,\N,\N,\N,\N,\N,\N,\N,"34","37"
"256","2","2","13",\N,\N,\N,"scene 34: HIRZEL","The real change had to occure in our hearts, and I was so happy, that Zar Alexander supported our missionary efforts.","Chronology scene 200, 44; Morel, 1873, p. xy ",\N,\N,\N,\N,\N,\N,\N,\N,"35","38"
"257","2","2","15",\N,\N,\N,"scene 35: PARIS","What are you speaking about? Constantin: Meta was suggesting that the true story was a hidden one. Emma: You are right. I also had faught on the battle field; for the children of Liberty, for me. But the change came from within our minds, all these discussions in my saloon, this is were the new world was cemented.","Chronology scene ?? Morel, 1873, p. xy ",\N,\N,\N,\N,\N,\N,\N,\N,"36","39"
"258","2","2","15",\N,\N,\N,"scene 36: BERLIN","My salvator was Georg, his poem of a ""living man"", it gave me true life. I had been so bored and finally found purpose in his, our fight.","Chronology scene 203-204; Morel, 1873, p. xy ",\N,\N,\N,\N,\N,\N,\N,\N,"37","40"
"259","2","2","15",\N,\N,\N,"scene 37: ZÜRICH","This is why writing was important, it could change minds. But at the end, it could also be dangerous. We had to leave Zürich for it, and all my life I had to live in economic misery. The time was not ready yet, by then.","Chronology scene 209; Morel, 1873, p. xy ",\N,\N,\N,\N,\N,\N,\N,\N,"38","41"
"260","2","2","14",\N,\N,\N,"scene 38: ZÜRICH","You are brave Emma. This was my cardinal sin. I had not faith and believed that I had to take care for economic issues.","Chronology scene 180; Morel, 1873, p. xy ",\N,\N,\N,\N,\N,\N,\N,\N,"39","42"
"261","2","2","14",\N,\N,\N,"scene 39: ZÜRICH","This is were my disaster began, because I had fooled my true love; Sanskrit studies.","Chronology scene 180, 205, suicide?; Morel, 1873, p. xy ",\N,\N,\N,\N,\N,\N,\N,\N,"40","43"
"262","2","2","14",\N,\N,\N,"scene 40: ZÜRICH","The press accused me much after the Züriputsch, they blamed me for being violent and a Don Juan. But I took care for everybody and had been able to pay all my debth back. ","Chronology scene 205; Morel, 1873, p. xy ",\N,\N,\N,\N,\N,\N,\N,\N,"41","44"
"263","2","2","14",\N,\N,\N,"scene 40: ZÜRICH","If there had not been so much conspiration against me, even from my own family.",\N,\N,\N,\N,\N,\N,\N,\N,\N,"41","45"
"264","2","2","14",\N,\N,\N,"scene 41: ZÜRICH","All I had done was for love. I took the position as a parson in order to care for my young family, and I helped the village people after the fire. They loved so much for my support during the Züriputsch. Their faith was honest, and the liberals only speculated to destroy the church from within.","Chronology scene 164; Morel, 1873, p. xy ",\N,\N,\N,\N,\N,\N,\N,\N,"42","46"
"265","2","2","10",\N,\N,"Escher joined the group. ","scene 42: ZÜRICH","Sorry, I could not avoid listening to your conversation. Love, liberty, ... Can you hear yourself? It almost sounds as if we, the liberals had been rouug conquerors of poor village people. Our true ""guilt"" had been to be too timid, hesitating all the time, going for and backwards. The conservatives were no innocent victims. Or had you seriously wished the Jesuits returned to the schools; mistaking teaching with blind recitation of the Bible?","Chronology scene 168; Morel, 1873, p. xy ",\N,\N,\N,\N,\N,\N,\N,\N,"43","47"
"266","2","2","11",\N,\N,\N,"scene 43: WINTERTHUR","Hi, Alfred! Nice to meet you again. You are so right. It had to be said that we too defended our faith. Those who opposed the Jesuits were also the ""people"". Hesitating could be as dammaging as a too quick and thoughless action.","Chronology scene 180; Morel, 1873, p. xy ",\N,\N,\N,\N,\N,\N,\N,\N,"44","48"
"267","2","2","9",\N,\N,\N,"scene 44: LUZERN","Please, comme on! From your mouth it sounds as if the Sonderbund was a football game. People had died! I had lost all my goods and I had to live ten years in exile, with all my family. This was no children's game!","Chronology scene 173; Morel, 1873, p. xy ",\N,\N,\N,\N,\N,\N,\N,\N,"45","49"
"268","2","2","10",\N,\N,\N,"scene 45: ZÜRICH","Alfred, I know you, we sat often together. Don't tell me now that you worried for the ""faith"" of the liberals. You only longed for money and power.","Chronology scene 172, 184; Morel, 1873, p. xy ",\N,\N,\N,\N,\N,\N,\N,\N,"46","50"
"269","2","2","12",\N,\N,\N,"scene 46: TEXAS","Karl, who had keep silence so far so how Alfred got more and more stressed. He layed his hand on Alfred's shoulder and said: Why are you fighting? What are you fighting for? Liberty, the people? Everybody was fighting for this in Europe. And this was nothing! I was in Texas, there they even treated some people worse than animals. Our, the Swiss merit was that we had found a way to live with our opponents, besides unsolved conflicts.","Chronology scene ??; Morel, 1873, p. xy ",\N,\N,\N,\N,\N,\N,\N,\N,"47","51"
"270","2","2","12",\N,\N,\N,"scene 47: TEXAS","I had wished a socialist state; the Phalange. That's why I joined in to the idea of direct democracy.","Chronology scene ??; Morel, 1873, p. xy ",\N,\N,\N,\N,\N,\N,\N,\N,"48","52"
"271","2","2","9",\N,\N,\N,"scene 48: GERMANY","You are right, Karl. I had always tried to find a compromise. This is probabely the reason why the let me return to Switzerland towards the end, and why I was able to forgive.","Chronology scene 255-256, 295; Morel, 1873, p. xy ",\N,\N,\N,\N,\N,\N,\N,\N,"49","53"
"272","2","2","9",\N,\N,\N,"scene 49: GERMANY","But the past had learnet me something, that at times one was forced to take a decision. Failing to do so, would also lead to a decision, but it would stay out of your control. My wrong decisions had only brought me closer to my God. He would bring the reign of God one day.","Chronology scene 311, 313, 319; Morel, 1873, p. xy ",\N,\N,\N,\N,\N,\N,\N,\N,"50","54"
"273","2","4","13",\N,\N,\N,"scene 50: HIRZEL","The reign of God was not of this world.","Chronology scene 220; Morel, 1873, p. xy ",\N,\N,\N,\N,\N,\N,\N,\N,"51","55"
"274","2","10","14",\N,\N,\N,"scene 51: PARIS","This is exactly what I thought. It's all illusion, all Maya. At the end, why fighting any longer. I just couldn't anymore. There was nothing that expected me in life. This is why united with my grand love Marie, my Virign, we took our lives.","Chronology scene 242; Morel, 1873, p. xy ",\N,\N,\N,\N,\N,\N,\N,\N,"52","56"
"275","2","16","8",\N,\N,\N,"scene 52: LUZERN","Don't say this. I have fought so much. But all achieving is nothing, because at the end you will not take it with anyway. I learnt that I had to leave something behind. Haven't cared, Bernhard, for finishing your Sanskrit books before leaving this world? Don't be a hypocrite!","Chronology scene 235; Morel, 1873, p. xy ",\N,\N,\N,\N,\N,\N,\N,\N,"53","57"
"276","2","22","15",\N,\N,\N,"scene 53: GENEVA","This is why we from the First International and the Women's Movement did not go the way of violence. And no-one could ever say, that I feared a good fight. But that would not lead to the liberty we desired.","Chronology scene 309, 317, 318, 325; Morel, 1873, p. xy ",\N,\N,\N,\N,\N,\N,\N,\N,"54","58"
"277","2","28","10",\N,\N,\N,"scene 54: ZÜRICH","You sound like those crazy ""Schwärmer"". If you go on like this you will end as Bernhard did - believing all is an illusion. There are decision which had to be taken.","Chronology scene 339; Morel, 1873, p. xy ",\N,\N,\N,\N,\N,\N,\N,\N,"55","59"
"278","2","34","12",\N,\N,\N,"scene 55: ZÜRICH","And we took them. Yes, we did, but each of us according his or her own consciousness.","Chronology scene 308, 318; Morel, 1873, p. xy ",\N,\N,\N,\N,\N,\N,\N,\N,"56","60"
"279","2","40","10",\N,\N,\N,"scene 56: ZÜRICH","But there must be one truly right decision.","Chronology scene 248-254; Morel, 1873, p. xy ",\N,\N,\N,\N,\N,\N,\N,\N,"57","61"
"280","2","46","12",\N,\N,\N,"scene 57: ZÜRICH","Yes, there was one. The one that included us all.",\N,\N,\N,\N,\N,\N,\N,\N,\N,"58","62"
